station_id,latitude,longitude
720,-25.76,28.27
2193,49.1036,-93.9198
2490,50.642792,2.983597
3777,49.270828,8.696792
1295,49.2269,6.9714
2402,-22.555,28.9501
1719,-1.9449,30.0623
1681,52.2674,4.5457
2034,52.2722,4.5469
3715,46.501,6.5308
38,-24.2889,15.2605
73,0.3606,36.782
2458,38.8692,-78.1976
1009,6.2733,34.3858
955,29.127194,30.181
4309,40.3376,-74.0516
5308,45.7072,13.7712
5177,47.1334,8.1949
4963,-24.648199,28.6689
5665,-20.1218,57.7543
5731,-33.520496,26.243942
6477,-25.8479,28.2315
7152,-26.1706,28.1111
7416,-26.1824,28.3164
7505,50.9264,3.4657
7381,-34.193455,18.405031
7380,-33.7941,19.7779
3240,-33.520653,26.243879
7754,-24.386391,30.94475
8196,13.0913,-16.7635
8131,-33.3567,26.2088
8752,-33.344753,26.567497
8913,-25.6789,28.2173
10418,-17.815,31.0478
9591,-25.3449,27.0547
5729,-33.508915,26.243917
11858,-33.9928,25.6562
2550,-25.2897,31.0017
2211,40.4166,-86.8974
3964,33.731892,-84.355545
960,13.9279,100.1443
4030,31.1739,120.9653
2342,37.341057,-121.764824
972,13.6639,100.6051
3621,19.8366,102.1872
2587,22.2113,113.5384
2806,22.758236,113.853722
924,53.594,10.1008
3775,22.555901,114.057701
4057,17.44038,78.383858
3620,19.926901,102.270302
3965,22.555901,114.057701
3034,49.2549,-123.139
12,35.4106,138.8611
118,30.5723,104.0665
24,22.5726,88.3639
66,36.6485,138.195
242,33.5044,126.5352
3,39.3583,141.9005
34,43.2203,142.8635
68,35.9916,139.0856
3978,11.2051,76.8962
2791,12.979,80.1986
3056,22.8336,111.1882
1472,22.555901,114.057701
4386,7.7933,98.3209
4471,35.792,139.5296
4550,39.911,116.395
4533,22.555901,114.057701
4429,5.4523,100.2909
4271,22.555901,114.057701
4270,22.555901,114.057701
3051,35.099098,128.869598
1481,-30.366,153.098
2802,19.4617,72.8096
5349,25.1078,102.741
4987,35.5711,139.4592
5361,25.1134,102.7401
4682,31.2124,121.5937
5351,25.1136,102.7401
5350,25.1134,102.74
2525,43.4598,-79.6824
2036,13.6595,100.4661
4733,34.888802,32.353901
5496,35.7227,139.67
5757,30.5676,103.9776
6009,42.8346,74.6084
5855,52.95293,-1.172312
5764,31.8744,120.5946
5428,5.4424,100.292
5602,25.079,102.7253
5613,25.1856,102.7565
1802,13.0041,80.2707
5362,28.0644,38.802
6977,17.005199,99.395164
6821,24.8797,102.833
3212,40.832623,111.761841
6764,45.555,84.9595
6610,40.0403,116.4105
6872,-8e-04,0.0039
6824,22.5331,113.9247
7687,20.2773,81.4924
7482,42.8496,74.6114
5761,25.0799,102.7582
8576,31.4011,120.6067
8571,40.0487,116.2385
8327,-8.5126,115.2482
7899,49.5045,21.425
8332,35.1677,137.0696
8585,30.8248,121.5691
8613,39.77,116.4592
8670,40.0106,116.195
8619,22.7864,113.9556
8618,39.7745,116.4565
8773,25.0665,102.7662
8617,30.0733,120.0835
8671,39.7726,116.461
8589,30.5613,114.3153
9471,29.9294,119.9228
10524,31.13,121.3531
9388,26.0308,119.2011
9683,32.0585,118.8343
9390,29.2983,117.2018
9458,26.2921,111.8609
9436,24.9125,118.5991
9588,25.1133,102.74
9375,38.864,121.616
9397,26.8621,100.1428
9475,24.6245,118.0808
9407,40.6798,111.4001
9392,30.2539,120.1084
9379,23.3275,113.5432
9396,39.8608,116.2835
9386,31.2178,121.5507
10927,31.2406,120.6864
11036,25.0687,102.7147
10815,30.7097,103.8582
10687,40.0936,116.3031
11264,25.049,102.5898
11659,25.0441,102.5954
9461,31.2856,120.6008
13219,35.8363,127.1132
12854,31.1666,121.443
1946,-37.879002,145.164902
3862,53.478901,6.17428
1606,53.6759,-2.804
3923,52.2474,6.4728
2943,51.82,6.6961
1928,43.8186,6.023
2641,49.7625,13.4265
845,51.1043,17.0335
3871,52.2354,6.625
8398,46.9796,7.1176
1200,52.5365,13.6114
1191,49.475,8.627
3652,52.0194,5.1715
3663,45.819,0.698
2636,51.8141,6.6953
2549,52.472977,13.110672
1934,52.0532,5.6392
250,52.9455,5.9267
3940,53.154701,8.1584
3824,51.2727,1.0943
3214,52.0056,-2.1813
1621,53.5331,8.6034
4016,47.855,-3.55
1066,35.18,26.09
2442,52.0632,4.4754
210,52.4153,13.2749
3433,48.0263,3.1751
3032,52.2153,8.3397
1390,41.3182,1.7012
3142,60.3903,23.1379
1531,52.3445,5.1423
260,51.0345,13.686
342,51.9305,-2.4603
1953,50.3546,7.604
798,53.7623,10.4711
1671,44.3403,4.7568
3197,51.5082,11.9616
1577,62.1418,25.6908
2537,44.340427,4.75654
2592,53.87,8.6811
3906,53.195354,7.418737
2883,52.1812,0.1176
2935,51.5422,-2.151
3567,47.360401,8.5388
2386,46.673,-1.3817
2169,46.4658,6.4096
2755,51.0534,7.037
3709,59.8777,29.5472
85,59.2523,18.2479
3488,40.728245,-3.878798
2848,50.620544,6.94875
2678,54.6261,-1.2924
3516,52.1798,4.5163
323,52.5079,4.674
3324,47.7828,7.2535
2790,52.120682,16.051121
1892,56.2328,9.749
3149,48.1854,16.318
1027,48.2272,11.6762
1656,53.7266,-0.4461
2319,45.829666,4.768559
2043,47.9554,-2.5226
3140,60.2806,24.9627
2497,52.491173,13.444485
1556,47.5043,18.989
3144,52.3944,12.9604
1579,51.3713,1.1264
2841,53.8329,11.9674
3749,51.533691,-0.094523
341,59.9087,10.8364
3229,56.1608,21.2003
3447,53.386,8.143
436,53.6397,10.2162
1659,52.8022,-3.0757
2676,51.0642,7.0299
3555,56.3578,-3.8077
2532,53.18,8.2406
328,56.2,-3.13
2304,53.513,10.0805
1362,51.5973,3.6851
2437,52.8758,-1.4582
2441,49.049995,3.409418
2971,48.104,11.4857
2976,52.7688,8.5569
1050,53.7923,-2.2927
3430,52.0362,7.6166
3060,51.069035,13.776965
211,-28.7687,153.3437
1137,52.6012,13.4566
512,45.0384,-0.7378
510,45.173,5.3546
3057,52.601307,13.456395
3961,51.593601,4.7154
3301,48.535419,9.286339
2491,50.854454,3.354067
996,59.2923,18.4382
3120,58.6396,16.7972
2082,52.094303,6.449745
2233,52.065,-0.0894
3030,51.9407,7.6119
379,53.4979,-0.318
3035,53.720798,10.1201
990,51.4251,12.5734
353,50.8848,0.009
2899,52.123447,6.227798
2403,51.4669,-0.961
3256,51.9028,7.6286
3435,53.192,5.8043
3691,50.7151,4.3945
3532,54.816563,9.575537
3270,53.1504,9.0128
2162,44.6526,-1.1717
2865,50.4198,30.5266
878,51.6767,-1.4389
3972,59.382225,18.116909
3790,51.599995,7.188563
3794,51.464401,-0.588267
3117,56.1774,14.8629
3276,52.5296,8.3564
3802,52.521133,13.46335
1783,52.0243,5.5819
392,63.4288,14.7461
2025,43.4791,1.526
4082,52.024456,5.581423
2264,51.215107,-0.318316
3855,52.182755,4.5109
3638,52.6669,4.8037
362,52.4409,-1.8587
3492,43.578949,3.006155
2614,52.688499,12.2471
3484,58.3424,15.3196
3369,47.648178,7.568809
2443,52.282227,4.587292
2483,52.544502,6.10989
2961,58.5998,16.1626
1936,51.0049,2.0641
2275,53.1402,6.3766
3031,47.5637,7.5974
2439,52.215878,5.462238
3315,47.238213,8.787
2807,53.1512,-1.3766
773,53.7784,-1.2542
3328,51.9728,7.6409
1673,49.6967,5.7445
2951,51.2358,-2.3518
1809,51.3552,4.4448
1473,54.416199,9.5136
267,47.4838,7.5575
3298,52.273499,10.225133
3323,46.538837,6.654181
979,63.3038,10.3327
1061,47.5234,19.059
2842,44.178,1.1245
2431,50.771694,0.119727
2777,50.553,3.2308
3440,57.7072,11.6554
270,50.7199,-2.0839
331,46.0626,3.5122
2289,55.94112,-3.095663
2840,53.0062,4.7845
485,57.0156,14.898
2509,52.089199,5.1294
2652,36.1896,-5.4401
3263,51.9676,7.6094
1674,47.8935,12.096
3025,52.2989,6.7545
3892,61.492622,23.283567
1057,52.5038,9.6252
3996,48.8823,12.5904
567,51.2454,7.024
1336,52.0942,6.4501
2672,51.6036,4.8202
1169,46.3579,-0.3316
3008,52.559528,-1.245322
2026,48.8078,2.3746
155,53.6754,10.2194
4006,48.754,9.3313
1226,54.5431,9.1589
4011,52.4774,13.4349
246,53.6384,-1.7236
1219,50.9665,12.7577
1782,53.7819,-0.6442
2978,51.535797,-2.15235
2080,52.372017,6.480176
3439,53.1417,10.4889
1702,51.7401,6.6041
654,51.5249,3.9005
3136,51.9018,7.6468
2765,50.872,5.7933
1628,52.3309,5.3156
2308,50.6496,3.9236
3762,52.143597,1.330665
1335,50.8712,5.3058
3461,50.2024,3.3847
1817,48.1151,-1.0262
2045,47.0593,-1.3053
383,56.1961,16.3986
520,48.153,-1.8227
1203,52.5355,12.3389
3797,46.179001,6.013
2715,43.7872,1.6835
3707,51.3305,4.8549
336,50.611,6.6552
1555,50.8378,5.6719
207,52.1342,8.6993
766,60.67,6.77
2912,51.278,30.2164
2919,50.127491,8.333319
1893,52.8251,13.8018
4038,53.2272,6.5354
2101,51.357,7.4864
3706,49.232,1.339
3244,47.6262,11.2176
2586,47.3942,-1.0208
3705,50.0594,14.5
1881,50.8634,7.0556
2393,52.206707,6.799562
1949,61.845,25.487
2647,49.9035,15.4001
1883,36.71,29.0432
1810,47.5559,8.7681
2909,47.1868,5.1937
316,55.6077,-2.7951
2429,47.311272,-1.96579
3319,53.295902,5.05873
3177,50.91198,0.6826
3300,48.747238,9.236836
3696,55.054352,-1.51435
1694,50.4677,3.7339
2911,55.6152,11.7723
3576,50.611053,6.655145
4064,50.3848,10.9856
2591,52.1682,0.1168
3750,53.738602,-2.0964
2489,51.086842,4.458453
3860,52.850132,5.024732
2510,51.612167,5.563072
3686,49.3549,3.0364
665,50.6409,4.555
761,54.0759,-2.8333
2758,48.438782,16.791672
3788,47.564003,9.363291
3311,60.3898,16.0088
1140,49.4924,2.675
3280,52.0504,7.4742
2606,51.592911,4.715786
832,52.6712,17.0626
1838,52.0701,5.2005
682,48.4825,9.246
1899,48.3806,14.1963
3677,54.0814,-2.2894
2722,44.4048,26.0958
2598,43.4656,2.0047
236,58.7462,17.8674
3642,53.6358,10.053
3295,63.435104,10.502095
2504,53.25457,-1.466037
3761,48.533165,9.286803
1508,47.1797,7.5042
2640,53.8362,-1.7686
3284,52.2358,8.2848
1239,47.1312,-1.6384
1805,56.3129,-3.0214
2421,56.312943,-3.021117
1533,48.6134,1.6894
1311,55.0479,-1.4523
4018,53.0238,8.5369
2314,53.20813,-1.672968
1967,50.6825,-3.2374
2163,47.5276,-0.4401
1479,50.9156,4.6577
2505,59.957,10.7634
1650,51.5523,-3.0273
3746,53.688606,-0.451073
1151,47.4032,8.5585
2392,51.2828,7.1124
1708,48.48,16.59
2387,50.7182,7.0505
3279,51.9914,7.439
2246,53.3544,-3.0886
1715,47.3818,-1.5185
441,51.3792,-0.3917
1709,48.6886,8.933
86,56.4685,-3
3192,52.065632,1.161198
3130,53.0722,-1.224
2533,49.2622,11.4764
3644,53.3698,9.9391
2743,43.6154,1.4005
2974,43.1384,6.0773
3757,53.6925,10.148
3639,50.1344,8.7587
390,51.6469,-3.9508
374,50.0688,19.9669
3748,56.196426,16.398014
2820,50.8372,3.388
437,60.0962,14.6658
1735,51.4715,12.0041
4080,51.876282,6.468042
2677,43.08,5.824
3286,52.1422,8.0979
3548,49.659393,6.231847
2874,51.885704,4.664938
3603,50.8346,3.8162
3968,51.876083,0.547297
2044,48.0084,-1.4294
3818,51.5208,4.5156
1506,49.0655,-1.547
763,48.1334,16.2769
1108,53.4712,9.8249
3485,52.4574,8.3719
3845,51.3554,-1.1377
1811,50.8376,-1.7155
3679,51.306126,5.579137
2432,52.355644,5.001765
2637,52.0118,6.4496
1895,49.5965,6.1421
822,35.5066,23.9684
244,51.6088,0.0084
2235,51.675125,-1.438147
3780,48.453335,9.065531
1618,48.9421,2.8626
3546,57.54002,12.411881
2847,50.151329,8.733738
1287,55.8413,12.2828
2445,51.836876,5.875605
569,48.5878,1.8093
157,53.1547,8.1706
3022,52.1173,5.1812
3560,53.9194,8.9348
3836,52.7401,-3.6388
3545,51.6742,8.9292
1816,43.2951,5.3861
873,47.518,8.242
3825,49.264,8.6058
686,50.7346,-1.7356
3213,53.156818,0.187935
3048,52.11195,-2.331137
3872,50.504807,7.872574
218,53.2371,-1.7907
842,59.9431,11.0096
396,49.9985,8.2041
3384,51.944447,0.803273
426,53.6134,-1.8099
3683,51.87112,-1.09498
2615,56.2158,-2.7618
3444,48.0777,11.1473
2819,56.223,-2.7606
1532,50.6067,6.5433
2503,54.2558,-6.099
1321,52.3729,6.4802
823,55.9449,-3.3165
2498,57.159294,-2.557497
499,57.2176,-2.461
1705,52.6199,6.313
340,58.7404,17.8653
1886,52.5702,-1.0289
981,58.8013,17.8356
721,47.2552,11.3707
2864,55.9084,-4.249
1661,53.1711,-1.9831
3222,43.6024,3.9098
2818,56.2224,-2.7672
860,55.9138,-3.1717
604,55.9559,-4.1594
899,59.5209,10.6973
1918,46.2174,1.9156
389,50.6206,-3.3946
268,54.1783,-4.5539
3436,50.8116,4.3445
3851,51.046913,3.652485
3383,60.671,15.2498
883,61.4286,10.2151
3943,47.799156,13.02457
314,53.1144,-3.3758
3553,51.9849,7.6497
1465,53.1783,13.2273
4060,47.5408,7.7396
1870,52.1346,-1.4589
2556,51.757992,-2.500492
1864,51.3986,-3.2791
143,51.3198,-0.5792
1781,47.314,0.817
1689,53.3249,-2.2426
2433,52.6878,-1.8476
3675,52.331856,1.679058
397,53.4851,-1.6106
3420,50.835552,13.374719
3357,52.541016,-2.7516
290,51.5963,-0.1471
1262,51.2044,-2.2084
1662,53.171,-1.9828
3312,51.117966,-0.01043
3701,50.8474,-0.2526
679,51.6997,-2.3568
2780,58.376,12.3744
312,52.0978,-0.2478
1903,49.3184,0.0029
3596,48.069168,-0.774965
1601,49.4609,1.0978
3128,51.4137,-2.5467
3589,48.555599,9.2211
3718,51.479366,7.206001
1627,52.3887,12.699
2577,51.8714,-2.44
2713,49.6944,13.256
1063,43.4852,-0.7456
3227,50.375252,2.815092
3551,50.9315,3.8955
1938,53.7251,-2.7468
3392,59.393467,16.423738
2450,51.9664,4.5786
3558,48.3751,0.5589
2741,51.2131,4.4545
2663,56.0926,10.1942
1202,52.3727,1.071
1238,53.2117,8.5092
2575,50.798965,4.026435
3556,47.64,3.07
1258,53.525,-2.2921
3278,52.6933,7.2869
359,45.555865,6.739501
2104,50.8816,4.6412
4015,52.2799,8.047
492,48.7684,2.487
3538,55.6696,13.3586
2244,51.0532,4.8926
178,56.1554,9.5012
961,51.5027,-2.5245
3641,52.0052,5.7218
2635,50.859051,4.700265
88,51.0914,6.5716
652,52.038,8.4791
2607,51.546501,7.3685
213,59.8236,10.332
3858,53.226917,5.716522
1882,51.595,6.7
431,48.8461,2.1888
3832,43.6937,3.7994
3448,45.37,2.27
1051,52.0399,8.4606
3181,52.4918,9.2892
1519,46.1147,3.0084
217,43.6423,1.1726
1604,52.3198,10.5347
2109,50.5495,4.6876
1716,50.6152,3.0277
3358,46.8256,7.5674
3518,52.0908,9.2482
2596,45.087,5.7436
325,50.7268,7.1362
4167,49.235222,9.254428
169,51.6556,-0.4191
890,50.5088,4.3956
2711,49.0291,2.0601
1056,43.2333,6.0667
508,43.2665,3.2807
3632,51.995945,9.848558
2816,43.8236,5.313
2511,50.15601,8.753313
3881,48.854397,15.258703
1300,48.5289,8.5705
4008,53.0956,8.7869
2742,45.1108,1.2971
774,50.8755,7.3726
1824,48.0666,8.5362
2395,48.219818,11.01217
1965,50.8018,-3.1842
3243,51.9295,7.5794
1874,52.0416,4.3224
3049,43.6334,1.405
541,47.7997,2.422
1132,46.6073,7.0596
3138,50.3857,4.4093
3478,50.5775,16.1055
2584,46.5536,6.8506
841,51.348,12.3671
521,52.1475,6.1967
3070,49.027599,8.7605
3854,50.6488,13.1889
611,39.2833,-1.4667
2384,48.2255,10.7692
1342,38.5648,-0.6349
168,47.4817,8.7679
3133,48.316,11.2107
2530,48.012058,11.50996
1101,48.764,8.673
674,46.3594,6.1357
2567,47.0742,8.2902
2643,45.1149,5.7591
3640,48.6245,9.3424
940,48.1267,12.236
2941,48.1351,11.4255
2306,49.3219,2.3232
2383,45.1319,1.5581
2781,48.1112,11.759
2593,49.5443,8.5782
2297,48.4829,15.3299
3432,47.227,7.4738
705,47.9689,12.6074
3341,47.2382,8.7868
435,56.9317,18.285
228,53.0802,7.4015
3826,51.0205,13.8645
2127,51.042782,13.80194
367,59.4723,17.7932
651,51.9319,4.5418
2650,47.9331,10.7194
2843,51,12.7794
1086,49.0663,12.8006
2158,48.4592,0.7136
1927,48.2909,16.33
744,49.6453,15.9662
782,48.1465,16.6892
3710,48.5866,13.0875
2773,51.8475,5.3852
588,54.3211,-1.4875
3552,50.8256,12.9103
3889,48.1746,21.5036
2538,43.312527,5.409843
3971,37.2906,-3.7068
3316,48.575726,7.717357
3840,46.1082,3.4597
3371,47.9842,7.8664
2486,36.677502,24.3423
3829,45.7506,21.2334
1156,51.1983,13.1961
248,47.7941,16.2274
1663,48.1368,11.5077
1614,48.0463,11.9609
3404,48.94,12.4922
3382,50.5858,3.3493
3380,47.7756,7.3388
3026,49.6584,13.2957
3681,51.3318,1.3922
3195,51.409832,-2.501548
3456,50.1084,8.6841
1542,48.3169,11.9854
3313,51.2338,-0.0158
3781,48.436298,8.6303
3013,51.231384,-2.336493
1902,42.011,1.5192
3131,48.8258,15.1753
2969,46.5802,0.3403
1593,55.2221,-3.8351
281,47.5765,12.1687
1933,46.2625,6.0575
2379,51.4643,-0.5884
4051,59.422199,16.197901
612,52.5443,6.1101
1908,38.9157,27.8178
3064,52.458698,5.4182
4081,51.8762,6.468
1505,53.1875,-2.4433
229,44.4198,26.1155
3594,50.382694,7.985483
1868,47.1464,2.2058
3169,52.5458,10.1404
817,55.9726,-4.1986
2557,51.0558,3.717
4061,52.3686,13.1328
2739,47.9206,106.942
1871,51.4766,-0.8696
3282,57.035702,-2.8721
3980,51.9968,-1.038
3462,47.238998,8.7871
3161,60.2458,25.0812
4048,60.1885,24.8236
459,50.6709,4.5511
3755,55.6726,-5.7412
3574,52.090801,9.2485
3233,58.1259,11.3572
2559,59.218899,18.347401
777,52.6443,29.727
3557,51.0647,13.7489
3626,44.097401,9.9649
3549,52.266499,10.1296
3931,46.765301,15.5581
2502,51.0248,13.6768
3803,51.5215,-1.142
1393,45.078,7.6327
3924,51.852,4.5404
1251,51.3841,12.1064
3517,48.6022,13.1514
3150,53.962944,-1.348468
3984,55.382725,13.279582
2273,48.3722,16.299709
653,48.2192,-1.5823
3920,51.2004,4.4062
3651,48.9955,12.0814
2778,48.3972,11.7368
923,51.6303,7.2433
4059,48.7862,10.167
2700,51.586739,-0.137288
3930,47.450367,12.38959
1561,50.8376,5.6724
3015,51.333199,12.4037
2157,45.6927,21.3099
1906,47.4767,11.9939
2484,49.671799,-1.2624
2535,52.9805,12.4252
3121,51.953098,4.9969
4053,59.365948,18.057131
2875,48.161,10.8811
4058,51.1848,-0.6474
3230,47.4171,7.6805
909,56.1982,-3.9585
3805,46.246399,6.088
1634,48.0115,7.8697
1036,50.995389,14.312
21,52.315,1.6614
67,50.978,-0.3544
64,51.5013,-0.0393
4,49.1951,16.6068
56,51.5303,5.7002
50,54.3563,-3.4058
504,52.9086,1.261
109,43.1296,12.0947
1105,50.2877,32.5187
464,53.530543,-2.754251
6,51.4741,-0.093
25,35.5138,24.018
8,42.2655,2.9581
81,60.2927,24.5565
36,43.2818,5.3128
1637,48.0212,7.855
130,53.4688,10.282
2721,47.520145,5.180927
3815,53.450108,5.632118
3674,-31.9387,115.781601
751,53.57404,0.109201
2102,47.7635,16.787201
875,35.7179,139.7267
2455,53.152794,-4.163405
3011,49.8326,7.8668
2646,46.7223,6.7809
3176,50.9092,0.6916
3062,52.010269,4.332425
1130,52.7486,1.1031
3033,43.6032,3.8324
1884,49.7031,9.2761
3507,43.522247,3.918238
1808,52.4153,13.2746
3156,48.9464,45.575
2856,28.312599,-16.4014
4050,60.2373,25.0796
893,59.3443,18.4725
1234,49.1225,8.7145
3630,56.1674,15.3847
3944,52.320934,4.967253
3801,50.871201,0.6266
3936,49.998169,8.204369
3789,29.1126,-13.6538
3901,53.3602,7.0232
4046,52.4533,4.5655
629,52.0291,4.4075
3791,50.673458,-3.842712
3483,52.9682,8.8766
3869,53.191895,7.083594
10,45.8579,3.5452
3463,59.0546,14.3404
2385,43.35,-2.97
3281,51.826969,-2.875255
3427,53.3705,-3.1727
696,48.8803,2.7232
920,51.0248,12.3763
220,57.9867,7.5348
3561,51.5558,-2.3345
2915,50.9114,-1.177
3590,52.1008,-0.2518
2440,44.099899,9.9656
3145,51.775,9.3262
1980,29.8587,31.0218
2990,50.1516,8.6076
3882,50.875401,3.3291
2427,53.335,-1.5078
3223,56.161,14.8602
2487,50.9954,6.8206
3366,59.5127,12.3127
3666,56.765,14.5827
3074,56.765,14.5827
3779,51.221,6.806
2103,51.845432,9.142531
3954,43.522247,3.918216
352,57.2491,10.284
3339,50.6757,12.6094
1769,53.9819,-1.5759
3370,47.6446,7.5815
1994,48.5507,1.592
3544,50.174057,8.6965
747,51.6026,-1.9915
3823,53.073574,6.460439
2283,47.8922,12.3572
3852,46.230999,6.2386
3933,53.689999,-0.4505
610,51.9788,6.6655
1633,56.0865,-4.4675
3898,51.910423,4.109167
1795,37.6031,-8.2074
3431,52.8793,1.3517
509,47.9246,21.7499
2164,48.6967,2.5034
2983,50.877499,3.649987
3856,53.6898,-0.4504
2301,50.8006,2.1699
2160,49.2365,7.0215
3193,50.972752,0.12523
2832,46.176456,8.789868
1620,47.9871,12.9517
3454,59.0728,10.4488
3600,50.0723,8.9943
3275,59.260887,13.508695
2828,52.0925,5.6592
3606,51.5693,-4.2754
1609,55.2295,-3.8252
2809,27.4845,96.2082
3646,51.3513,11.2935
2180,53.2253,-6.652655
3822,53.1892,6.5694
2877,50.875671,3.347367
3277,38.533901,14.3604
3475,47.794701,7.5428
3531,47.673782,-1.160025
1369,53.2939,-6.1873
416,52.1086,4.2786
2536,53.164,5.4174
3814,51.642899,7.2752
3879,44.484119,11.337181
3379,47.170898,8.1098
2562,49.596523,6.142375
3616,47.737846,12.923075
3919,51.082867,-0.308857
1364,53.8998,10.6492
3870,52.5824,4.6418
3816,65.697388,18.066658
3619,51.822201,0.8752
3510,51.4911,0.2165
2438,52.4816,-0.7048
3787,49.6654,10.1488
2394,-23.8436,-46.9577
3221,50.713799,-3.075785
3209,50.1017,8.8975
3942,50.711792,3.089641
2500,43.842205,10.483162
3730,51.918,-1.0865
2270,52.754,1.1626
1890,55.9027,-4.2379
1527,51.9867,4.6678
3178,48.370838,8.77554
3676,53.233601,-2.6663
3899,50.159454,-5.657488
3119,44.8805,0.885
3843,56.476101,-5.3996
3678,46.467899,7.0676
3744,48.382492,9.101936
793,49.1797,8.6426
3934,46.7636,15.5582
2561,51.6746,-2.3184
1225,51.6039,-2.3218
3180,52.301113,6.753203
1005,53.1571,8.927
2013,48.9903,-0.0707
623,51.2455,7.024
1929,43.294,5.5827
3760,52.0951,4.3927
3910,57.654213,-3.603416
3612,48.6392,-2.1134
2321,67.2622,14.4718
1814,52.5423,6.0371
3842,50.6055,3.3878
3305,48.1968,-1.5816
3703,48.9057,3.1593
1315,53.3567,-2.17
3888,47.660522,-2.719967
3800,51.622532,-1.103397
3653,51.2301,2.9723
3004,51.1435,9.5153
3166,51.8317,7.2247
2129,48.6994,9.7044
3602,46.5652,13.7622
3868,46.622978,14.177773
1092,48.2096,7.3137
1085,63.1456,10.1726
1288,51.298,12.3873
707,50.8269,-2.0446
2712,43.6275,0.3527
2900,50.5472,-4.918
2271,52.749199,1.1022
3878,51.8711,-1.0948
3732,48.8248,12.5942
927,50.702,7.4048
3835,52.375,4.5942
1039,50.3624,-5.1121
1664,54.0834,12.0872
1312,45.0456,7.6732
1196,47.6067,9.7443
3429,47.3915,9.3489
918,50.4668,3.6727
907,51.3604,3.3472
2980,50.7657,7.0753
3523,46.3866,6.1462
3592,43.5743,2.9833
2658,59.334,18.196
3859,52.498352,4.927931
1452,55.648399,-4.8181
3271,50.688202,4.5669
2989,47.2934,0.6856
2515,51.0426,6.5464
2108,48.072,7.9032
1264,54.0504,-2.8124
1796,53.7816,-0.6422
3819,51.0254,3.7464
3778,46.8232,7.5683
3765,48.3982,8.8572
1638,48.3335,7.9361
2570,37.53,-8.3306
1854,37.6032,-8.2071
2770,51.5368,4.9514
3743,38.2418,26.0216
1541,53.1861,-2.4471
3459,45.439301,7.7957
3728,49.0232,12.5196
2685,52.2474,5.667
3731,49.0266,12.5178
3016,49.047577,12.857063
2735,52.377804,8.6387
2690,52.234,5.644
1316,51.3235,12.4266
1047,52.1083,9.3622
1294,59.8901,10.8222
277,51.0676,3.6918
908,49.0728,11.8809
1055,47.8407,7.8452
3622,54.4161,8.923
1152,52.2573,-1.7683
1832,56.06,-3.2304
3076,43.0784,-6.1868
1394,51.534,-0.2174
2558,37.603008,-8.20737
2981,51.9674,5.2398
948,52.5181,13.6285
3745,45.7014,5.7614
252,39.1578,-1.5808
3533,43.4546,6.675
3428,52.5335,13.4144
1035,48.0929,11.7678
3670,51.474728,6.544788
2081,50.4162,4.402
3727,49.3434,8.6832
3219,51.024399,3.8661
2310,47.471382,11.990909
2555,38.730999,-9.1373
3044,47.841099,11.1572
2444,52.782,-1.2444
3684,47.5304,7.596
2239,50.601795,4.491273
3700,47.5272,7.5966
3415,52.3795,4.8498
3019,50.731201,1.6365
3512,52.1012,5.1271
2675,50.7994,-3.1886
3645,61.5664,28.2694
3198,48.6404,-2.0284
3332,46.6022,0.2676
3667,51.5643,8.0958
1913,51.348,12.3671
3157,51.737,9.026
4302,59.2591,17.9928
4181,59.4191,17.9652
4396,59.4554,17.9104
4487,37.915,-8.1214
4544,57.1228,18.3858
4157,50.356491,-4.454543
4612,59.0951,18.0055
4003,57.1457,18.3938
4664,57.705902,-3.43698
4308,59.380447,18.109283
4590,59.2372,18.1025
4347,51.133614,4.151013
4479,53.066,6.3225
4161,57.65411,-3.603375
199,69.6275,18.3481
4441,51.1303,4.8699
4542,53.555752,8.369884
4190,52.1012,5.1271
2138,52.945286,5.926623
4314,52.388065,8.057005
4189,52.1046,5.0255
4438,53.5632,8.3804
4566,50.701275,4.574448
4319,57.667,12.1478
4191,52.068,5.1652
4281,48.0638,8.5428
4400,43.7457,1.2174
4339,51.327057,12.376166
4287,50.8532,4.4186
4488,52.074036,-0.547332
4340,48.6096,9.3546
4541,55.5075,9.9297
4676,53.2268,5.7166
4180,43.7088,5.6578
4686,51.784229,7.52893
4653,51.640411,-0.132628
4614,48.894,2.6983
4163,52.4806,13.2744
4295,48.997,2.2175
4594,48.0319,16.4945
4501,56.0521,-4.5069
4561,52.8449,-1.142
4194,50.7215,-3.0612
3453,52.5317,13.3378
4562,42.5696,2.8983
4193,59.229,18.1555
4567,52.9544,6.3461
4207,51.7406,7.1934
4109,51.356598,0.238742
4397,54.4668,-1.2145
4158,47.779522,-0.667505
4391,50.8907,3.0597
4492,52.3163,5.0303
4585,53.5933,9.9965
4674,54.202,-1.4018
4651,52.1767,5.8329
584,45.2664,4.773
4493,55.7496,12.3253
4643,51.0837,5.7167
4232,48.89172,8.677562
4297,52.0333,0.1753
4398,51.507,-0.298
4603,50.1641,-5.6699
4311,52.092117,0.867892
3445,49.157,0.105
4636,51.7986,1.1316
3363,51.5834,3.6618
4552,60.3772,-0.923
4090,50.922745,5.95692
4662,51.520561,5.485526
4296,50.6786,4.7227
4622,49.4119,6.1037
4275,52.5008,10.7143
4273,50.4872,2.7226
4558,53.5104,9.8212
4523,52.3289,5.3253
4573,49.5068,0.3011
4345,46.786068,7.015162
4127,47.8791,1.8193
4442,51.235168,4.290755
1341,43.613,5.5969
4304,51.2924,0.9643
4461,51.2043,14.0453
4476,51.0519,16.8441
4143,49.465302,10.9485
4559,51.031,3.915
4313,47.947056,11.352743
4390,52.4782,13.6942
4409,48.5765,15.8219
4395,49.2487,16.6782
4283,47.7508,8.9741
4516,47.564194,9.362902
4389,49.9266,12.9042
4639,53.7819,-0.6426
4581,48.1869,11.5236
4387,43.6839,11.5355
3647,48.9164,13.082
3335,52.0409,8.5091
4336,51.7901,6.6565
4188,48.14,16.7
4535,49.75,6.27
1003,47.3151,10.8886
4169,46.51778,6.49032
4104,52.121273,5.090631
4634,51.5387,5.174
4647,52.008598,5.7798
2447,51.545898,-3.0386
2873,59.655399,17.389299
4322,50.905712,3.490373
4448,45.6222,16.9612
4206,47.17025,13.106298
4413,43.5407,5.4496
3413,48.489521,8.9611
4683,54.1131,18.521
4220,55.047932,-1.45226
4529,52.5187,13.6363
4328,52.898102,5.4418
4605,43.3006,-1.9867
4646,48.8344,15.0778
4485,52.1364,11.6076
4650,49.464325,11.106488
4511,55.77153,12.096943
4149,51.202,6.1243
4671,55.0022,-1.4255
4103,54.607,-1.195
4330,52.1024,5.1136
2272,53.237099,-1.7849
4341,52.305695,4.978074
4218,45.7655,4.8571
4294,53.5889,-1.4801
4570,53.297073,5.073073
4610,53.7819,-0.6426
4657,52.501999,13.4041
4619,52.03635,5.674129
2973,49.6744,5.8277
4108,55.661274,12.437455
4623,45.6132,16.954
4307,51.114368,3.713925
4089,60.9645,9.2698
2311,40.4246,-3.6948
4611,49.986401,7.1925
4510,51.513371,7.148583
4200,48.0552,7.863
4557,50.8262,19.1563
4247,51.736988,7.045249
4179,50.808136,5.618115
4575,48.1542,9.7398
1013,-26.7184,153.024
4164,50.763638,7.02938
3434,50.9984,2.0556
4106,51.464767,5.455838
4252,47.058102,8.3864
1357,49.464,3.6838
4312,58.9508,18.5738
4159,-24.296089,27.497309
4604,50.0228,21.9883
921,47.7443,11.3752
4597,52.0858,5.1994
4598,51.5209,5.1437
4335,53.712452,-1.989835
4362,47.9088,7.6356
4576,50.510361,8.554783
4088,51.551,-1.6859
925,59.4682,18.097
4140,50.807892,5.61766
4574,52.0922,0.8681
4156,52.6092,7.2734
4326,32.310192,-86.184669
4139,51.639801,6.6721
3249,52.507,8.1443
4318,54.2743,-0.4891
3966,48.560501,-1.9518
2619,48.997799,2.9784
4160,51.0798,13.1828
3733,48.2054,12.816
4253,47.921459,21.72467
4519,50.7902,3.7224
4334,46.767101,15.5586
4255,57.539848,12.411545
4449,53.702488,-6.691392
2624,51.903416,4.460958
4202,46.251846,20.163946
2276,48.1703,12.7333
4450,52.2005,-8.4698
4402,55.005363,12.165842
4480,52.5799,13.2165
4329,52.194599,-8.4642
4474,52.5749,13.2133
4472,50.6816,4.7079
4133,51.2135,3.2418
4230,52.415901,4.6433
3318,48.8681,12.346
4444,51.0611,13.8247
4155,50.7687,12.92802
4141,51.6937,-1.5878
4279,53.5971,7.2036
3573,54.544102,-6.263
4209,51.6207,-1.7906
4199,50.861305,3.249422
1926,51.7241,-4.0637
1459,57.12,12.1993
1610,55.9695,-3.1943
1623,35.6655,139.7222
4323,52.8377,6.285
3982,52.132301,6.7768
4316,56.0302,14.143
4225,48.658501,2.4038
4264,51.490292,3.614317
1876,53.1458,6.384
4121,48.4738,8.3078
4263,53.9664,-1.3522
4256,53.963,-1.3484
1023,56.0692,-3.9955
3043,51.496399,-0.1224
4246,61.0003,9.2301
1759,51.8799,8.472
2194,44.391956,5.529173
4116,50.0878,5.6503
4173,51.439301,-2.534218
1000,48.7947,2.1634
4224,51.6012,7.3444
4219,51.1934,7.7962
2277,50.579063,-1.292131
4208,56.277676,12.834733
4147,48.4862,8.3114
4177,53.885201,-1.734076
655,36.0034,-78.9313
403,49.8605,24.0175
2446,52.04324,-0.029088
4115,49.234516,6.175235
4087,49.4052,8.235
3155,51.9965,7.4639
947,51.6695,-1.2781
4092,59.0456,14.3453
4091,51.9523,4.374
5150,59.82415,17.621733
5091,60.2416,23.1033
4679,51.1181,7.1234
5025,54.1132,18.521
4993,50.7954,-0.0133
4934,51.637573,5.94918
5089,53.2547,9.455
4973,51.587,4.7248
91,56.475,-3.0409
5100,51.975895,4.583903
5352,51.985668,4.465971
5045,50.781605,-3.309533
5002,46.1951,5.992
5289,49.9364,8.186
5152,53.2924,-6.2169
4754,52.0383,-0.3385
4960,40.8042,-3.697
2397,51.6998,-2.3567
5336,51.464245,-0.588155
561,54.5805,-1.7996
4935,53.814426,-1.561773
5143,48.282,9.7271
4699,47.855267,12.161638
5270,53.356705,6.333345
5371,55.395554,12.917294
4756,52.415337,13.139221
5383,40.8639,-3.6156
4982,51.9606,7.6261
4725,49.4775,8.6217
5108,47.8018,7.6356
4933,52.196911,6.119842
5199,52.7838,0.4333
4774,55.001659,-1.42708
5363,51.8402,-2.153
5014,46.608921,14.248257
5259,47.611942,12.978245
5172,50.9829,4.6445
4945,51.4386,-2.5754
5337,54.518814,-1.314058
4762,54.9517,-1.4074
5334,50.7895,-1.0772
5018,50.6733,-1.5083
4939,52.1295,5.4334
5112,54.6159,9.923
5120,61.4626,23.4948
5294,52.86063,6.610945
5367,47.688446,8.61226
4719,51.129124,4.287177
5179,49.4461,6.8541
4953,51.171322,4.648674
4303,-6e-04,-3e-04
4998,47.1868,5.1937
5228,51.177,6.406
4278,51.9692,7.6614
5011,48.0275,-3.7012
5212,51.0467,4.6354
4936,50.8196,3.946
4750,49.2982,6.1032
3438,52.08,8.008
5079,62.643,9.5
5122,49.4781,8.6211
5052,46.6165,7.0452
4763,52.003,5.7924
5360,47.694016,8.452122
5059,47.388,8.549507
4741,51.0711,13.1506
4764,48.824,15.1732
4964,46.546539,8.716135
5176,47.559753,7.610718
5314,50.3465,18.2226
5187,52.0899,1.2972
4758,49.6985,14.2336
5256,51.015598,5.378
5406,50.895058,4.663128
5375,49.406,7.3697
4739,49.2938,11.176
4970,47.490185,8.556347
463,51.8597,4.3958
5295,53.153,4.8428
5331,47.3798,8.4782
5044,46.436455,14.061061
5397,50.8493,4.2955
1974,51.0798,1.1844
5284,47.993011,10.167334
5222,55.0022,-1.4234
4716,51.2988,6.983
5235,53.227642,6.863904
5398,51.2964,-0.3628
5195,49.4463,6.8535
5240,52.088249,4.316139
5124,51.968933,5.647617
5316,47.5176,7.5762
5393,47.479031,8.563099
5236,53.2472,-2.2748
4770,51.464073,3.879273
5353,52.433102,13.680232
5338,51.075756,7.015337
5391,51.922199,4.4471
5384,52.0765,5.188
5015,52.481106,13.272595
5196,51.011288,5.203508
1469,50.2485,-5.0551
5005,48.0946,7.7448
5054,51.3094,9.4871
5365,55.6453,-2.3287
5307,59.3521,24.0561
1477,59.356499,17.965099
5310,47.6908,10.3234
5170,53.318649,7.482363
4956,53.814137,-1.561873
5064,58.330399,6.3561
5017,51.071362,-0.992707
5121,51.580715,-0.133617
4947,51.928211,4.454336
4641,47.8183,1.6875
5292,53.437,7.7157
1504,52.4311,-1.9259
4735,53.231499,6.6449
5214,50.6184,-1.1832
5285,54.244968,-6.933805
5274,48.8,9.5162
4724,49.4701,8.6093
5309,47.6121,12.9784
4700,51.9708,5.3216
5293,48.5135,10.0282
5244,53.34457,6.709739
5239,51.934456,13.919737
5058,49.1944,8.0887
5223,54.171089,10.029572
5255,50.973579,5.533437
4701,53.7795,-0.6521
3922,40.484997,-3.357792
4958,47.72847,9.354587
5249,50.584499,2.9691
3171,51.1122,7.028
1536,49.0317,24.5376
4962,48.219925,16.335995
5184,47.772,16.2714
1993,48.0655,-2.9659
4997,43.445267,1.291375
5145,49.5238,11.4441
4645,53.069099,-6.0391
4949,52.221,5.1421
914,52.2544,14.0464
950,50.9456,6.9205
5019,51.727402,-4.9508
5061,36.385,-5.2052
5013,47.0125,7.629
4961,47.497322,9.697797
3132,48.1466,11.5942
4974,45.8494,6.1389
4992,51.4242,-1.2645
4988,51.0898,-0.055
4660,49.4639,11.1065
4745,50.79,0.0486
3356,49.202,12.5312
956,45.2717,5.679
4946,55.0017,-1.4271
4772,53.7981,-1.7623
4751,45.6132,16.9543
626,59.3091,15.019
4698,50.871399,0.6276
4736,53.6565,10.0731
736,52.0869,4.3266
4722,51.6808,-2.3088
4714,37.9693,23.7126
4713,37.972752,23.715586
5829,46.7094,17.4692
5421,52.0986,13.1424
5802,52.6508,4.8249
5710,51.222446,8.600707
5597,50.537,7.4649
5681,53.065,4.787
5727,47.6666,7.5588
5451,51.0454,4.3656
5706,53.566059,9.889307
5546,52.9149,0.9155
5883,52.368462,5.975863
6024,51.507202,3.609198
5560,57.540077,12.412053
2106,50.549637,4.687695
5515,55.8652,-3.3344
5531,50.1433,10.1344
5424,51.593601,4.715292
5437,53.973587,13.132038
5637,52.026661,4.733133
5788,52.224606,5.96264
5797,59.305687,18.662296
5631,52.659,4.8408
5489,54.7281,25.3741
5604,52.537956,13.177835
6098,53.8841,10.6365
2338,53.8092,-1.5512
5773,53.6515,9.9064
5526,53.25248,0.047082
5492,51.0902,-0.7079
5754,52.173035,9.352028
5536,50.6027,3.3999
5591,50.190495,-5.198236
6021,60.2807,24.9622
6033,51.248848,7.131377
5430,50.6055,3.3878
5606,62.4621,17.3492
5586,43.5083,1.4862
5704,51.125774,4.28901
5881,49.5645,8.1055
5851,52.643478,0.174285
5741,62.5244,17.3738
6002,59.0546,5.9295
5723,47.1222,15.9307
5521,50.7922,11.0504
5441,44.2761,4.7428
6089,37.578522,-6.100402
5707,51.07106,13.150402
4957,53.804878,-1.555417
5642,53.0456,11.3623
5453,46.861843,10.9154
4233,53.803886,-1.553092
6083,50.9966,4.8874
5516,46.782,13.7412
5480,46.816341,13.532316
363,48.379516,31.165016
5671,47.282318,11.39635
6075,53.003948,6.055685
5485,47.306061,11.648276
6018,59.0546,5.9295
6023,51.2895,5.8964
5800,51.540199,3.4382
5566,-26.705469,153.05809
5499,47.3832,18.9147
5509,46.248402,-1.487452
5826,52.0113,4.5831
6008,47.771484,12.990199
5792,54.114,-7.1758
5942,52.1468,4.458
5422,38.0613,-0.7101
5823,51.022636,2.617494
2240,53.4892,-2.9392
5890,52.3404,-3.0614
5614,50.584545,2.968957
5806,38.5928,-9.1711
5830,47.0745,8.3356
3482,51.9288,-0.6416
5456,41.233601,-3.2608
5799,49.301617,8.654503
5854,47.3872,18.9086
5686,50.9876,3.6498
5503,44.9119,0.9147
5258,53.2012,6.6072
5702,51.279995,6.464991
5770,50.637901,3.0178
5590,46.9567,7.4464
5767,46.5211,11.5212
5786,59.319733,16.619097
5746,52.0251,4.7349
5511,65.8564,24.1374
5753,51.2029,6.4375
2720,53.722092,-1.782237
5510,51.7032,-2.3656
5758,50.6324,3.0662
5572,50.9728,11.535
5748,52.0969,5.119
5726,50.2958,6.2539
5738,53.0601,4.7923
5685,50.144356,10.134779
596,45.2537,3.7136
5688,57.714828,12.053937
5670,44.8333,-0.5698
5690,48.2127,16.3248
5645,50.6614,3.2039
5662,54.0813,12.0879
5470,46.7414,6.9648
5595,52.7448,6.8037
1744,53.2267,10.9133
5617,48.1005,11.5001
5569,48.4745,11.4912
3045,51.2108,14.4716
5482,52.138184,5.37901
5501,53.029079,8.616977
5425,47.9957,7.8519
5472,55.968582,12.195495
572,52.931,0.0234
5468,51.2859,-0.2321
6740,51.709358,-0.41734
6506,53.5538,-1.6948
6809,51.51355,5.061137
6669,49.4372,7.7621
6926,51.845657,4.631269
7093,56.533066,14.811856
6685,47.71949,16.066696
6704,51.042751,4.930039
7158,52.3636,6.488
6909,50.080227,8.603697
7066,50.201511,8.599345
6862,52.1969,5.0083
6767,51.059,4.461
6870,51.775387,5.872354
6206,51.24556,6.688685
6683,48.863,9.385
6535,51.092899,17.0021
6470,51.478,-0.6025
6194,46.195114,5.99205
7081,51.963,5.6608
6899,43.2684,5.5532
6746,51.289024,12.256257
5221,52.2211,5.1424
6400,46.267735,6.15603
6679,46.634678,7.15708
6868,52.223957,4.926163
6614,62.1466,26.326
6950,47.775,1.6331
7123,52.3746,5.1722
7030,51.0689,16.9978
7099,51.120472,-1.3342
6769,50.9346,5.3336
6875,51.826557,4.882236
989,49.22,-0.18
7104,52.374142,4.645015
7076,46.446949,6.142092
6435,52.165218,4.399473
6216,47.3226,9.9863
6588,51.027893,5.273492
6553,53.258709,0.047658
6417,53.265,0.0578
6489,53.256432,0.051955
7008,59.8721,10.7917
6873,52.000965,4.688113
7106,53.593296,9.996422
6303,47.015,7.6556
6916,51.047,3.7206
6807,47.332,-1.3421
6830,48.8823,12.5904
6858,46.076035,7.501188
7035,50.7752,-3.082
1615,52.2,-2.2424
6932,52.311298,5.012362
6268,52.8302,-1.182
6891,51.5681,6.0061
6166,46.3231,-0.4779
6782,48.912159,12.310095
6074,47.9379,7.6354
6500,54.1783,-4.5539
6982,51.4461,8.8336
6228,50.1055,10.9961
6666,48.5313,9.3463
7129,53.382038,10.097088
6609,53.937695,10.487699
6638,49.3863,13.3111
6651,46.245,6.1966
6798,51.3315,5.3982
6304,47.4425,19.041
6616,62.7261,17.8847
6745,47.4785,18.9858
7149,51.942192,6.626145
7098,51.451,8.8409
6719,51.9966,7.464
7101,51.864235,6.009278
6479,50.6282,3.0436
6675,59.529804,18.257351
6393,49.8074,8.8862
7121,50.940819,3.077263
6743,50.835407,13.374857
6691,50.1362,8.3039
6859,52.092365,6.065097
7084,50.893288,5.73965
6599,51.3014,12.2316
3071,46.608109,7.704412
6402,47.386124,8.749515
6879,53.358452,5.212926
6736,52.193802,4.4146
7001,51.7942,3.8512
7062,53.252522,6.871225
7088,38.442448,-7.417055
5532,51.245667,7.023607
7086,53.149899,6.7331
6672,51.910572,4.46933
6594,56.1665,21.017878
7026,45.9442,3.5168
6627,52.5865,6.2763
6815,41.316483,-8.708452
5708,52.5628,6.6186
6687,51.780518,4.487145
6434,52.1436,4.6622
6673,46.2342,8.7276
7010,52.3954,-6.9509
6897,52.2674,6.1428
6952,53.116062,6.10829
7064,53.4927,-0.3117
6948,51.1748,3.1982
7031,46.6346,8.5898
6826,51.993187,4.574338
6613,50.538834,7.463387
6073,52.4933,13.3814
6474,50.637699,3.053
6508,46.4755,-1.749
7005,53.9528,27.6224
6689,51.5822,4.5498
6979,43.704975,6.087618
6677,52.0737,5.285
6908,47.6953,13.0467
6934,49.197334,8.095288
6918,51.821777,5.868655
6887,49.517,7.5082
6841,51.910583,4.469429
6416,50.60862,3.070878
6674,54.0202,-1.5327
6542,50.6796,4.3212
6773,52.344082,5.293985
6487,51.2852,-0.7727
6254,58.9987,6.0963
6174,53.722076,-1.78206
1862,48.3809,10.8519
1654,51.7797,-2.8321
1669,48.5313,9.3463
6483,50.627056,3.065271
6486,50.366249,3.099548
6618,52.048336,4.341014
6628,52.5865,6.2763
6625,47.4682,9.1841
5571,55.9997,-4.8568
6297,52.969898,-1.354381
6196,51.507252,3.609065
6158,46.697182,14.17423
7549,59.3029,17.9742
7788,59.541515,16.668171
7301,52.7076,15.2633
7663,51.429,5.5641
7808,56.93684,24.097879
7867,65.0784,25.3957
7272,52.6068,6.4622
7200,51.7492,-2.3768
5684,48.1807,14.1777
7821,48.1981,11.3599
7328,58.51722,15.964887
7835,50.8191,12.9419
7655,47.407974,9.751073
7570,50.8836,4.7426
7773,52.371983,6.480118
7696,52.223896,4.926133
7368,52.0902,5.1433
7689,56.495,-3.021
7545,50.3702,7.1518
7281,51.9754,5.6882
7820,48.2074,11.3522
7852,55.507507,9.929497
7557,47.215,-1.5386
7469,51.4566,-1.126
7224,52.6252,-1.1958
7688,51.524857,5.979728
7330,43.6169,1.3027
7331,51.0178,0.9734
7547,49.8338,3.3616
7489,51.9382,7.4402
7805,51.694427,3.746052
7336,51.7739,9.3811
7334,50.8371,12.8831
7536,48.214275,11.451036
7603,50.8235,10.9774
7148,49.9057,10.3398
7223,53.248737,0.078722
7762,50.9172,12.7415
7245,51.791195,5.734593
7191,46.8171,7.0435
7260,51.7834,5.7171
7305,52.4723,8.3045
7409,53.261379,0.059338
7360,51.8736,5.8518
7639,50.621799,3.0689
7325,50.6376,3.0563
7686,52.228,5.6992
7829,52.408501,5.30814
7856,52.167183,5.291789
7838,44.546,8.3706
7273,52.726772,6.50701
7470,52.061424,4.289003
2683,50.3634,5.5777
7485,59.3933,16.4236
7782,51.040394,2.992794
7474,49.242996,-0.172539
6892,51.2424,-2.2156
1256,52.7317,-8.5717
7779,52.6254,1.278
7700,47.6528,7.5578
7810,51.3668,5.4423
7627,41.393322,2.185502
1786,52.5117,0.6798
7588,48.2123,11.3636
7193,51.2282,6.8578
7269,51.0554,3.6948
7804,52.6782,13.2727
7699,52.299324,4.993346
7276,51.5123,6.1248
7239,39.3803,21.4947
2817,52.494942,5.411653
4344,-23.7548,31.3758
7601,51.033,5.8114
7358,52.159863,5.386515
7468,59.420933,17.81365
7637,52.054001,4.337965
7543,54.6932,8.752
7383,51.8358,4.1526
7413,50.60817,3.070147
7493,53.156986,8.9271
7677,50.4545,6.1222
3416,51.9915,7.4388
7664,51.991516,7.438408
7270,51.164837,3.126827
7661,51.991474,7.438875
7616,59.3885,16.458
7247,52.370178,6.481699
7568,59.4255,16.4491
7566,48.5999,31.3003
7552,59.3198,16.619
7551,59.3197,16.6192
7492,47.804859,13.790671
7506,50.722565,11.310102
7484,46.609104,14.247865
7303,51.826206,4.144612
7355,41.9549,3.0047
263,51.7659,-1.1917
7246,51.673862,5.036264
7231,48.6445,9.2117
2754,51.2276,6.8656
7197,46.6023,0.2675
8067,50.94429,5.163466
8417,50.984482,2.808898
8156,52.111954,6.300553
8420,47.5336,8.7406
8164,48.8693,2.2313
8399,52.7314,6.5028
7954,59.3293,18.0686
8330,52.0589,4.291
8477,48.3819,10.8628
8248,52.1047,5.0861
8089,51.955093,5.202404
8201,37.3808,-6.1343
8567,50.653576,-2.464748
8213,51.1958,4.9286
8286,52.518,4.936
8516,52.1052,5.1452
8104,47.5209,18.8194
8537,49.2353,9.2535
8529,51.247,-2.203
8063,52.953548,4.770157
8274,52.2123,5.9807
8483,50.3377,7.5616
8272,43.2664,3.2804
8200,51.2852,-0.4282
8429,52.9928,8.8147
8339,52.618141,1.269198
8519,52.664188,4.686
8579,48.294998,8.8789
8475,53.5891,-1.4803
8488,59.9335,10.7515
8402,39.049881,1.543255
8549,52.410511,6.788565
8108,51.5108,4.0868
8524,49.1528,23.4948
8076,55.5569,8.0864
8035,51.5466,-0.1232
7996,53.227,8.3731
8049,51.9299,7.5646
8285,43.2819,3.2805
7920,57.7035,11.7466
8404,47.3768,-1.44
1142,50.7048,7.1609
8116,50.7682,6.0702
8060,53.148365,6.383638
7935,51.507397,5.640335
7976,50.5647,12.3666
8287,52.859,6.2766
8081,41.975643,2.820278
8052,51.4591,-0.2914
8503,55.21,11.34
7978,55.395054,12.915869
8573,48.8718,11.0098
8492,52.780018,-2.428053
8062,50.2745,7.3691
8355,51.885,5.7634
8088,59.9533,17.6929
8462,49.0456,10.9842
8493,52.7821,-2.4288
8337,55.7691,-5.0641
8557,47.4669,8.2934
8106,52.780018,-2.428054
4135,47.1561,8.2251
8539,52.782,-2.429
3199,52.3526,9.7146
7854,51.787861,12.46427
8527,48.0883,-0.7682
8441,57.6996,11.7394
2303,46.534,3.7416
8336,56.2244,-2.7753
8443,59.9669,10.643
5484,51.345558,12.520177
8445,53.234612,7.488575
8026,61.1136,25.401
8215,47.2568,8.7695
8207,48.1141,11.5262
8439,59.305485,18.662134
8438,53.062103,6.319013
8453,52.9928,8.8147
8283,55.9449,11.8927
4276,55.7158,21.111
8232,50.9285,0.9409
8212,52.0068,5.9888
8208,52.182201,4.4965
8276,52.6712,17.0625
7959,52.5118,5.9084
8218,52.9423,11.1296
8334,51.2043,22.5414
8194,60.1724,24.7492
8289,47.2604,8.3754
7969,53.1912,5.9969
8210,54.3478,13.5377
6629,30.3629,-9.5844
8216,55.0035,-1.424
8152,51.8684,4.3166
7895,43.129101,-4.728
146,51.9056,-8.4596
8047,47.2568,8.7695
897,43.2447,5.41
8143,48.537,9.2809
8137,44.649437,-1.191615
7937,51.842838,4.14996
7913,47.633,11.2148
7979,47.2568,8.7695
7957,50.901966,3.124392
2331,51.3566,7.4862
3006,35.0134,24.8056
7933,48.4798,9.0043
7912,49.8605,24.0175
7883,52.4593,4.6086
9300,53.20945,5.91556
8813,52.5093,13.3166
9260,53.1429,6.5666
8956,46.980049,8.343403
8653,49.4576,1.0961
8962,50.8192,5.172
9297,52.258457,5.254572
8953,52.159935,5.38614
8782,52.0559,4.3185
9084,51.41,-2.5016
9259,52.4989,13.3701
8594,52.155258,5.37511
8952,55.460178,12.177723
7679,48.9421,2.8626
9165,52.4427,5.95
9283,52.818546,6.916985
8792,53.0018,10.0856
8907,51.1918,3.6359
8994,56.4614,-2.9681
8872,54.979832,12.04943
9107,51.827145,5.875633
9162,52.9684,-2.8106
2882,43.7355,1.4649
9256,52.0432,1.1728
9102,51.760654,-0.58026
9284,47.713169,13.09251
8302,52.049,5.081
8912,51.016,4.2184
9274,44.0545,12.5686
9074,55.822,-3.2158
9069,44.4667,11.555
8930,52.844,6.8804
8880,52.335732,1.67178
8981,50.8082,-3.2919
9246,48.7632,11.4142
8644,49.653824,6.306891
8704,53.027409,8.729635
9253,53.6258,-1.1366
9166,53.209251,5.915792
8780,49.3747,8.6885
9215,49.9114,2.3152
8655,54.1444,-2.5349
8588,59.8228,10.699
9272,52.082825,4.281825
8916,51.7498,6.9325
9123,47.8926,3.0999
8695,46.979,7.4842
8876,40.9226,-1.304
8870,53.6473,-6.3113
9276,42.5829,1.5151
8790,52.4891,13.4296
8990,50.776295,7.200553
9229,47.939659,12.726145
8992,56.17865,12.659145
9233,58.4771,16.8653
8716,53.169373,8.655008
9292,67.662933,12.693867
9247,50.639641,3.083183
9278,59.799,17.967634
9277,47.2838,8.5353
8703,52.939255,0.027662
8910,60.202,23.9916
8620,54.558,11.9694
9051,59.2724,17.877
9066,51.0365,3.6968
8590,53.212177,5.760937
9026,41.6316,-0.909
9072,51.0734,6.9187
9037,50.5642,3.2382
8951,47.8714,13.1176
9203,47.388561,8.489121
8975,38.493187,-0.773883
8950,52.42,6.6578
9053,51.243,-2.2194
8705,59.4914,17.6024
8575,50.647785,2.98783
7956,50.6908,3.6597
8891,51.164772,3.127159
8757,52.512112,13.344936
8724,50.820141,8.822245
8877,50.9036,-1.1931
8730,49.0714,9.1419
8804,48.063,-3.9116
1076,35.1747,26.0926
8600,51.932671,4.455417
8599,61.5018,23.7088
8626,49.1391,9.2013
5409,51.8141,6.6953
9478,54.1667,13.4136
9443,51.206635,4.216353
2161,47.7069,16.0345
9493,51.8102,5.8932
9413,51.925205,6.467278
9714,52.4568,17.4011
9452,51.3772,0.522
9855,48.8618,8.6656
9592,55.001717,-1.427094
9602,52.1926,0.516
9442,50.8716,4.807
9746,51.826206,-2.45493
10485,48.5701,2.5963
9145,51.8716,5.8654
9710,52.671604,4.691368
10419,55.605789,10.272932
10269,51.2636,12.3569
10542,59.793983,17.623899
9496,60.3231,22.9376
9327,50.5892,18.0805
10028,55.882614,12.99647
9524,53.8252,-0.4412
9492,50.619415,3.055777
9844,50.904,3.7908
9431,55.073826,10.422122
9794,48.6259,9.8245
9849,52.2426,5.3548
10413,49.2084,8.0572
10474,52.233517,4.531978
10273,51.2506,4.5086
9736,52.5728,6.664
9479,54.1551,13.3726
10379,52.3266,13.6222
10547,57.654507,-3.59536
10415,53.00185,10.085372
9323,51.691154,3.930962
10311,53.259,-6.2154
9649,52.1581,4.6475
9348,51.739422,4.334738
9426,49.925789,4.09229
9703,52.0187,5.1693
9502,46.8176,12.7874
10532,47.787518,13.069482
9561,49.7236,4.3007
10038,50.03,8.1106
10349,51.5148,5.4839
9310,50.0117,12.2254
9739,52.319248,4.64369
9445,52.0453,5.6268
9938,47.2119,15.6268
9930,47.7316,8.1094
9374,54.3176,10.1199
9441,52.1286,4.5881
10175,61.4694,23.649
9767,52.0158,-0.8002
9937,47.2117,15.6273
9415,55.1854,-1.6438
9593,59.320133,-3.014843
9473,49.981617,10.095425
9560,43.4843,3.6776
9773,51.027931,2.333666
9421,46.482819,-1.255668
10304,42.395695,1.812052
9416,55.646873,12.525427
9702,53.215824,6.407445
10272,40.8748,-4.0272
9570,53.2564,0.052
9931,49.26054,11.93
9837,48.065,11.666
9459,61.981277,15.305095
10267,47.3902,11.7646
10157,51.7225,5.25
10150,49.4711,11.4003
9719,49.971,10.2075
9797,62.1423,9.9795
9674,51.516,9.943
9850,53.3755,-3.1872
9550,37.2872,-3.7012
9976,45.8373,21.2937
9733,51.283535,7.295138
9934,51.837898,5.49759
9839,47.2074,15.6218
9590,51.7541,4.3179
9633,54.179,13.3335
9706,51.800617,5.71273
9530,53.1516,6.1046
9543,51.9194,21.0479
9675,33.9351,-115.9637
9765,40.7427,-4.0101
9501,54.0023,10.0101
9377,53.0098,7.0898
9762,52.3528,6.4711
9738,40.090252,-5.661953
9429,47.902176,11.640043
9380,50.614269,3.044492
9639,47.3791,27.0781
9412,49.6772,18.3552
9523,48.358383,8.964662
7806,50.8348,3.6056
9419,46.2619,-0.2102
9476,47.133659,8.19407
9311,50.805,-3.2946
3073,53.5706,10.0926
9395,40.3734,-3.7534
9376,52.659,4.8408
9354,52.22876,6.859448
9349,52.8585,0.5031
10943,51.607,4.709
10881,53.5434,-2.5274
10917,52.1188,5.2884
10643,52.04554,5.55598
10773,47.35,-1.47
11332,43.9245,4.9522
11226,52.0185,4.2944
11197,51.826,4.763
10921,56.5886,-3.1621
5315,50.9734,4.7167
10907,52.0278,5.085
10595,50.9167,12.7392
11084,51.1327,0.0969
10838,49.7167,10.8089
10918,52.983501,6.853812
10995,51.757969,-2.50057
10992,58.0294,12.7837
11347,51.5303,5.7001
10948,56.4274,-5.4046
11246,49.4684,8.6117
10961,52.6402,1.2209
10725,52.35807,6.997973
11271,48.6971,11.4725
11122,54.007,13.4402
10905,52.9486,0.4966
11020,47.284645,8.614848
11143,59.459385,17.813473
11113,51.5324,-2.5617
11138,53.0826,-6.798
10738,55.7528,12.3928
10998,56.5235,-3.071
10656,51.7285,5.3051
10597,50.4643,-4.3903
10765,55.4038,12.8468
11154,50.628311,3.063555
11303,57.2844,-2.377
11078,52.195133,4.481431
11155,50.9343,6.9708
11140,37.0697,-7.8228
10920,51.3796,4.4528
11040,52.094398,6.4497
10840,50.9862,5.1912
7275,47.3503,8.5561
10646,47.3749,8.3795
11185,43.3291,1.3233
10949,56.4274,-5.4046
10928,37.15,-8.0544
11095,59.319138,18.696207
10886,51.000736,-1.455475
11304,56.4574,-2.9845
11099,51.256035,-0.413722
10699,51.554672,-0.7488
10561,51.775024,5.942767
10923,52.040237,6.811932
10685,52.812916,-2.730218
9965,48.8861,9.5353
11183,51.3093,5.8896
11248,50.9499,3.2883
10613,51.514,9.943
10785,52.336529,14.273223
10889,41.2166,29.2737
10644,51.0484,3.7012
11164,59.581638,15.689326
11114,50.938122,11.590134
11115,62.7945,22.8282
10650,51.6532,3.8971
10993,50.96423,5.533768
10952,52.0915,5.6601
11152,52.774086,-2.43573
11153,52.911499,-2.431
10953,50.701042,4.574429
10550,53.3681,-1.3673
11249,47.1,7
10970,52.3802,-2.4791
11053,52.2828,10.4507
10860,52.077747,5.179318
10722,48.1597,11.4878
11159,45.978775,5.606093
381,50.7498,12.1768
10774,51.414722,-0.443542
9358,51.2412,-2.209
10549,51.777168,-1.266998
11016,52.078,5.1796
10919,52.1148,5.1211
10890,52.67,4.7103
11157,53.1644,9.0132
10976,47.8984,10.0528
10857,51.5394,-3.4496
10916,53.5404,8.6068
11021,62.7945,22.8282
11052,53.0839,-2.4442
10684,45.9791,5.6056
10813,50.3365,8.5276
10858,43.329212,-2.989899
10873,43.128082,-1.70849
10591,49.566467,11.747295
11458,50.8306,3.513
11408,54.3493,13.5371
11477,52.3601,6.4727
11763,59.3711,24.6581
11076,49.1893,17.0126
11580,52.0272,4.7106
11471,51.9237,4.5475
11844,60.5616,17.9999
11541,51.5468,0.2006
11606,54.0406,14.0198
11682,48.1663,11.5683
6667,48.5655,9.21
11693,51.3081,5.2954
11813,49.7123,8.3281
11349,50.0713,7.0352
11714,52.0346,4.3714
11706,51.74,0.495
11568,51.7524,5.8888
11552,52.9137,9.9778
11529,59.1389,11.3732
11901,47.2171,20.7612
11543,47.9079,1.1966
11910,46.7706,-0.837
11927,51.4425,-0.335
11859,52.0781,4.2872
11743,52.0704,12.6732
9933,56.0857,9.5478
11392,45.5419,3.5572
1022,51.5299,-0.6178
11744,48.8183,11.4247
11517,51.5515,-3.2162
11795,52.261,-0.6729
11839,52.2707,4.9762
11591,47.2325207,10.7376612
11406,51.6191,22.7969
11336,51.7903,-2.207
11703,59.3699,17.8128
419,52.0656,1.161
1268,53.1957,5.8006
7918,48.1134,11.5476
11457,47.225,7.9063
2435,52.1322,-0.2348
11396,29.114,-13.547
11525,50.861912,4.714147
11217,51.6286,0.529
11348,51.340775,7.51028
11937,58.63921,16.795219
11350,54.093166,13.424494
607,50.6717,4.6062
11474,51.5132,4.8758
12071,57.7739,12.4997
12186,50.6836,4.6382
12038,55.031368,-2.348325
12076,52.521854,13.336737
12036,34.520775,-112.495766
12319,52.4454,-2.085
11761,57.9206,-4.4159
11356,52.157719,4.464188
11975,52.4982,6.0852
12320,53.4376,-2.9252
12077,52.415546,13.274948
11728,57.881126,-4.371675
12281,51.2791,-0.8593
11627,51.569714,-4.268202
12313,51.7624,5.7756
11936,51.249287,3.239655
12265,53.7777,-1.2501
12033,52.363,4.9428
12296,52.4116,5.8196
12113,54.0759,-2.8321
12181,50.716003,4.36247
12377,51.9575,7.6304
12141,43.9559,-0.1606
12089,53.4426,-2.2661
11228,51.9852,5.7648
12312,55.029163,-2.364683
12272,53.208,6.7096
12292,53.7982,-1.2538
12188,51.837128,5.875001
11925,49.065575,-1.547082
11885,51.4738,3.6256
12391,47.3712,8.4789
12410,51.2063,-1.4944
12293,52.196896,6.119828
12237,60.245819,13.475135
12449,61.47,23.87
11909,45.547543,9.435455
12236,51.9872,-0.2214
12226,56.37,-3.8468
12461,50.438667,3.94611
12266,53.1065,11.0601
12125,51.5923,4.7948
12473,49.8058,10.1578
12144,56.8228,12.7228
12395,53.2393,6.2053
12210,50.3672,-4.092
12243,54.5646,-1.3326
12333,53.136,6.553
11475,53.3218,5.3646
12083,53.1512,-1.3744
12280,51.7496,-2.9699
12294,52.960945,6.94239
12112,53.261337,6.302438
11344,51.629436,4.840617
11205,57.285,-3.7072
12085,50.620548,6.949075
11368,50.701405,3.97105
12086,59.97686,14.613234
12338,50.7631,3.6403
11995,49.2694,11.0922
11544,51.526558,5.964598
12223,47.4742,7.4542
12299,52.8794,-1.453
11250,51.120457,-1.334048
12460,50.7937,6.0598
12414,52.0627,1.2614
12411,53.7214,-0.1729
11821,54.0808,12.1457
10861,54.174305,10.046487
12270,52.216248,5.270743
11951,54.106312,13.512297
12298,52.66,4.7526
11608,47.688435,8.611946
11974,47.7466,11.5775
11488,51.0348,3.7156
11979,51.2498,-2.2122
11994,59.357555,-2.44331
12387,51.0615,-1.3007
12408,60.645561,17.194183
12168,43.2793,5.5776
12015,52.2414,5.6028
12059,51.1891,3.2138
12050,52.8018,8.871
12386,55.022736,-2.356835
12006,50.9819,17.048
12073,47.5593,8.8961
598,52.4932,6.1651
12308,50.95787,6.431795
12469,47.8485,12.3454
12103,51.8195,5.47
12472,52.211506,4.812137
12345,54.1401,-1.5289
12374,50.805,-3.295
12248,48.0486,11.9598
12446,51.9281,7.6742
12068,53.8448,-1.5095
12233,52.5936,-7.1846
11318,51.962997,5.226747
12204,52.788601,-2.2573
12493,41.393337,2.185498
12202,52.789955,-2.520603
12290,52.781399,-2.4182
12439,57.1286,-3.8542
11233,50.9034,4.743
11756,51.255848,-0.413417
12203,52.898102,-2.5057
12257,50.467,-3.5068
12453,52.0279,0.0374
11884,53.1728,6.5826
11180,51.5432,-1.643
11664,60.431023,5.232801
11841,51.719906,7.025538
12134,52.1545,5.9543
11626,50.874931,4.751945
12404,54.956,-1.4242
11713,52.8518,6.8698
11997,50.1934,7.8649
12072,52.725914,4.665738
12436,51.8788,7.6232
12098,50.8445,7.3378
11201,48.2938,8.8174
4445,47.5338,8.2545
11702,49.394356,9.273303
12412,48.0988,11.5356
12323,43.7778,11.289
12403,51.9125,4.3334
12172,49.025299,13.2358
12373,47.7847,12.2061
12418,51.0877,3.8552
12394,50.986,14.0237
12486,50.9249,0.7074
11229,59.7146,15.8282
12366,52.993401,6.304045
12012,57.1086,24.1898
12471,50.962814,3.413543
12407,51.7556,14.3322
11472,56.222439,-2.767926
12466,53.1003,-2.0297
12174,47.5593,8.8961
12490,51.4834,-0.2001
12488,40.323105,-3.858192
12487,40.322704,-3.858493
12489,40.323456,-3.857263
12311,53.2719,0.0477
3196,60.2404,25.0809
12146,40.322964,-3.85824
12151,41.9666,-5.0986
12485,53.8251,-3.0331
12484,47.2504,8.7628
11592,52.1052,-0.5274
12051,51.361,30.1492
12465,53.1003,-2.0298
12147,40.323044,-3.858234
12091,47.380161,8.65344
11978,51.254,-2.2112
12054,44.4292,10.4046
12118,51.3091,1.1441
11952,48.8576,10.0133
12464,49.58984,11.052525
11524,50.9435,14.0749
12454,47.7616,11.3737
11898,49.1017,13.2829
12807,53.7446,14.0304
11880,51.882275,4.746508
12419,51.1267,2.7572
11207,54.9034,9.776
12105,52.9499,14.1038
631,51.2144,7.88
12352,51.2188,30.0398
12367,47.897976,13.571701
12114,51.4322,-2.6027
12207,49.758102,6.658652
11921,51.3518,7.455
12173,49.025139,13.235977
12327,51.0231,17.1077
12307,52.1804,22.3043
12400,40.1751,-3.5679
10966,42.5212,-83.7026
12445,61.015,9.2383
11609,50.628391,3.047985
11857,55.8265,12.076
3770,47.627239,-122.518021
1318,53.1839,8.6947
12429,47.5354,7.5836
12413,47.8118,7.5438
12175,49.025116,13.235911
12405,45.977642,8.894475
11976,51.706337,8.49381
11775,48.3822,10.8994
12016,52.96978,6.660713
12030,48.9242,13.4297
12353,51.3442,29.7544
12406,52.10601,5.129354
12389,48.7266,13.6256
12222,54.2492,-0.3716
11508,51.303177,1.125823
12329,50.5935,6.6422
12102,46.329,-0.453
12035,52.047,5.168
12032,50.2098,8.7378
11484,59.385792,17.0361
8648,52.4262,4.7117
12341,57.1181,-3.8508
11585,53.853,21.784
12041,47.587944,7.675588
12100,60.1964,15.7884
12316,52.018173,5.071348
12262,50.533,16.053
12337,52.8519,-3.0405
11496,51.323277,5.132544
12336,52.1406,21.2163
12335,53.8696,21.3612
11383,51.980301,5.923638
11456,50.9567,3.2532
2823,42.232567,-85.650261
12326,53.5077,10.4617
12206,52.782101,-2.428948
3405,39.760983,-121.600777
11469,46.9678,7.7398
11757,48.1194,11.5722
11932,47.5215,7.6148
11375,49.838,3.2712
11542,51.840992,4.155277
12150,38.897,-6.8874
12148,38.8928,-6.8861
12149,38.8867,-6.8775
12221,51.1893,10.055
11367,50.1954,4.6446
12227,47.2169,7.9841
12201,52.781757,-2.429447
11660,55.174198,-6.7205
11818,48.7664,1.971
3152,54.076096,-2.832115
12193,19.6414,-155.9962
11973,52.2155,5.296
12120,60.165977,24.793871
12031,48.8905,13.4535
11505,51.647743,5.284115
12123,47.5308,18.9958
4049,52.189,5.9456
11294,51.3735,11.0628
3493,40.7285,-3.8792
12079,47.7986,13.0578
11547,9.7775,-84.6312
12053,52.017181,5.102419
12052,52.017178,5.102422
12017,48.8967,13.5629
12034,54.96619,-2.098554
11166,40.862778,-73.352097
11959,53.2038,7.4282
11758,59.393265,15.844682
11906,52.0291,7.6507
11924,48.6288,9.3816
12791,59.9127,10.7461
13354,48.756,7.8167
11506,49.65937,17.284641
13311,51.6901,-0.7841
12958,51.5424,4.8295
13260,65.8899,24.1591
12908,52.838,-4.083
13385,53.330086,-6.27909
13168,55.0572,10.607
13066,51.012543,13.765902
12499,51.2173,-2.336
13256,55.507732,9.929789
12574,52.1536,4.506
12597,51.9729,4.760025
12718,49.514622,18.572128
13025,51.9125,4.3332
12536,0.0023,-5e-04
12853,53.7416,-0.3806
12517,52.043705,4.672302
13224,54.0682,12.1153
12699,48.585,-2.145
13377,45.6551,25.6144
12539,50.79,4.2742
12529,52.456,11.136
12705,49.829,10.0059
13208,51.4007,7.3432
12525,51.8477,4.617
13135,54.9878,-1.8476
12851,49.59922,11.044877
12638,49.9475,11.5732
13388,49.9868,11.506
13336,53.8957,-1.9482
12398,47.5081,9.4208
13112,52.3011,13.702
13181,53.8708,-8.4006
12870,55.9177,36.8549
12806,56.7316,12.739
12720,59.653187,17.394583
12925,50.1322,8.2932
13129,59.541752,16.668638
12609,57.263268,-3.638828
12697,60.268341,25.024281
13302,48.562,10.6822
12569,51.0902,2.9722
12885,52.066536,-3.273174
12714,51.011,7.074
12910,52.2711,8.0292
13167,52.3221,4.9803
13279,58.7024,12.3236
13287,48.3253,11.9759
12694,51.851,4.5504
12522,51.4262,0.165
13056,48.6377,2.0812
13365,53.2732,-1.7559
12957,52.0198,5.658
12984,52.489361,16.953732
13356,51.5388,0.1474
12523,54.99469,-2.388732
12897,57.56065,-3.678982
12825,52.1054,8.7001
13159,55.9663,-3.7535
13123,51.6577,-1.2977
13253,50.934025,7.512417
13306,50.7607,-2.0936
12538,50.059608,10.237595
13264,52.9556,-2.9132
12540,52.4505,-2.0874
13288,50.81,-2.7477
12935,52.8319,-8.8535
12741,50.8449,-0.2611
13035,53.4851,-1.6106
12636,44.9039,2.4566
13280,51.006,0.971
12874,53.0876,-1.1675
13127,50.1525,8.4998
12665,50.7142,-1.8942
13210,54.0913,9.9726
12527,52.3803,6.4757
12566,50.6455,6.7026
1815,50.3546,-4.7807
12831,53.507763,10.461523
13149,41.682,-4.9934
12930,43.5603,1.2952
13382,51.9673,5.6429
13269,49.199,6.8415
13211,55.6918,12.5242
12905,48.2515,12.9147
13071,52.93,-0.408
13216,48.2622,11.6672
12828,57.539738,12.411609
13152,41.7131,-4.9424
13046,53.6752,10.1368
13373,46.3996,2.1075
13222,49.4509,10.9567
12537,48.1229,11.6024
13361,50.754196,13.070354
12987,49.216,17.656
1955,47.8417,11.1487
13380,49.493031,13.596127
13313,47.8722,16.251
13384,51.7393,4.3357
12743,45.592072,12.351588
12933,52.024059,4.43685
12506,52.4163,13.7497
13374,44.8611,20.3705
13204,41.6982,-4.8717
13154,41.7005,-4.8816
12869,50.6489,6.1941
13203,51.509781,7.444456
12747,51.9125,4.3334
13357,48.1418,11.5642
12898,48.8176,11.4379
13209,52.473,13.4424
12518,53.5215,9.8949
12615,49.7607,13.4213
13351,56.6725,-3.2015
12504,44.8543,-0.5302
12822,50.6098,12.2464
12735,48.2902,11.896
13247,51.2811,3.0681
13054,51.4386,6.4173
11781,57.233185,-3.006075
11780,57.237614,-3.007865
12899,49.923878,10.55589
12795,47.4656,9.0368
13158,41.6636,-4.606
13322,51.249126,-2.20952
13261,54.0468,44.9419
12630,51.6096,7.3314
12633,51.086597,4.457577
13099,52.2746,1.5491
13239,22.2173,114.216599
12823,50.1695,8.4487
12792,48.6285,-3.9876
13245,54.1864,45.2391
13246,51.21537,5.941164
12855,51.0061,0.9716
12069,44.083145,-87.968338
13277,53.84,-0.4685
13278,53.839,-0.5052
13207,52.077572,4.236295
13160,52.016079,-0.804217
12960,49.8082,8.4574
13153,56.9537,24.0573
13148,51.1643,7.0095
13156,47.375172,-1.333279
12880,50.8444,2.9272
13006,52.2133,7.0366
13150,40.491741,-3.876778
13151,57.7737,40.7048
13037,52.7702,8.014
12658,51.0804,2.9394
12977,54.174221,10.04636
12850,46.9516,7.4418
12902,60.3409,24.9425
12768,51.7736,9.381
13047,55.7507,37.6568
13013,53.1197,-1.5655
12956,56.7316,12.7391
12598,51.859482,5.819025
12962,67.1408,20.6019
12521,52.7666,-2.4461
13053,61.003,25.7496
12629,49.9788,7.9478
12502,53.259,0.0506
13004,50.025269,8.669436
12922,-27.9383,153.3521
12936,50.8511,4.9395
12726,53.1001,-2.0298
12774,54.7823,-2.8095
12656,52.9185,13.5631
12700,51.7749,7.2229
12767,-0.0017,-0.0032
12752,52.0956,5.0705
12793,46.8803,8.2219
12782,48.7984,9.3018
12664,52.7872,-2.2594
3317,49.3242,7.4784
12789,47.6141,8.8379
12447,48.1781,15.9877
12721,52.7026,1.2421
12722,52.7026,1.2421
12621,58.727493,17.027403
12599,49.833,8.4969
12577,48.8447,2.793
12535,49.791134,9.968749
12515,47.765705,13.325709
12542,39.0427,-0.3103
12507,60.7009,17.0649
12520,52.7849,-2.4342
439,47.973,-122.3783
592,32.4474,-111.0779
628,37.999,-122.6355
799,32.5794,-97.0765
965,37.8855,-77.9641
1190,35.2227,-80.7938
1732,37.527081,-122.515404
2042,39.363705,-84.22654
2076,37.36171,-118.433395
2292,37.9672,-122.252
2345,37.340679,-121.76442
2553,42.7214,-84.6884
2686,42.524487,-83.849777
2701,41.326672,-72.921059
2993,33.486912,-81.72715
2994,37.238457,-121.949265
3210,38.080563,-84.473618
3480,33.104603,-87.550438
3698,47.588,-122.1282
3737,50.24004,-97.302605
3953,36.536312,-105.56514
311,9.991,-84.6691
2336,42.0416,-91.6192
2638,33.8736,-86.7502
2783,40.0654,-81.0746
3499,41.716324,-72.983582
3992,61.206,-149.862
649,35.7543,-95.3926
730,48.4639,-123.3511
760,30.4232,-97.7688
1343,41.4592,-82.0558
2176,45.296658,-122.978401
2602,44.233635,-76.578918
2795,44.300137,-121.179688
3018,40.651798,-78.24218
3479,44.5712,-87.8812
4073,40.545132,-106.872673
1680,45.3913,-75.6792
1911,39.246,-104.964
2566,48.130173,-122.775726
2889,31.568213,-110.247681
3808,30.049095,-95.149353
222,44.3905,-92.0831
971,45.2825,-73.2407
1999,32.709,-97.4334
2354,46.742233,-117.179993
2982,42.1256,-83.1529
3029,33.482,-111.9076
3455,37.4321,-122.1284
3688,34.3943,-89.5556
1847,33.8693,-86.8416
276,40.1431,-105.1645
2037,42.0114,-88.1774
2195,41.704697,-91.546127
2545,39.892635,-105.136986
3113,57.053917,-135.341812
4065,33.727554,-117.767471
4070,40.141712,-83.909424
2836,46.798,-114.057
3581,31.088779,-97.767593
3650,37.7749,-122.4194
3937,33.223072,-96.663948
2091,42.091042,-88.542084
2377,37.983814,-122.585953
2740,34.5412,-85.325
3294,47.203846,-122.182533
3498,35.6272,-86.2872
3584,40.4248,-109.5484
3692,59.6346,-151.5227
3834,40.4596,-85.5036
3997,42.2918,-85.674
790,40.8376,-76.8744
1077,41.3749,-83.6504
1322,42.2636,-88.1333
2183,39.673,-86.1356
2316,38.802193,-90.577843
2714,40.2044,-83.1525
3255,43.453476,-96.42659
3955,30.334934,-97.78698
537,47.9161,-91.7694
1302,42.3843,-72.6515
2073,39.992458,-88.71022
2407,37.656822,-122.487396
2772,42.9868,-85.5824
3218,41.76033,-84.078094
3774,45.535873,-122.927017
1249,41.641,-87.9581
1991,37.4782,-122.1956
2113,42.296837,-85.60482
2250,36.457771,-94.118874
2266,32.022,-85.4706
2651,36.9339,-81.0882
3487,33.5094,-85.184
3895,43.0602,-74.3444
1845,53.3637,-113.7158
2078,47.564377,-122.624207
2175,30.588511,-96.306351
2230,40.0676,-88.5522
3394,29.0992,-80.9972
3442,59.6344,-151.5356
3712,38.8692,-84.4504
3725,42.751,-83.8742
3950,39.9604,-77.0532
3976,39.971298,-105.39698
2869,27.6534,-97.398
3187,35.2286,-106.6524
3637,35.945873,-78.61113
4068,36.999451,-121.949623
490,36.0048,-86.7886
2206,40.2552,-75.6192
2462,40.041473,-88.562828
2724,30.488874,-98.851151
2867,42.311,-72.6296
3329,41.7313,-86.2319
3623,35.962711,-84.190575
2136,40.503735,-80.047295
514,45.5141,-123.1071
648,40.5776,-80.0526
1830,13.2549,-59.5639
2543,34.001476,-83.706863
1048,45.5712,-122.6325
2369,32.621658,-85.472687
3342,47.6896,-122.3474
3827,41.6034,-122.3514
2151,44.7618,-108.7696
2317,40.577641,-80.052689
1229,44.8988,-73.1067
3844,61.121284,-149.722015
966,41.5363,-81.3401
3387,45.36832,-75.288292
3634,34.106304,-118.263489
2831,39.2442,-104.9626
3947,28.3574,-82.2152
4084,13.6803,-89.211159
2745,41.2926,-76.0073
3302,43.983952,-80.000374
3502,30.432976,-87.204391
4075,40.310215,-75.189194
1995,42.389042,-84.549019
3928,38.494381,-121.422676
2622,29.836,-92.1706
4071,32.555,-92.5904
531,37.3021,-121.9323
2517,43.4722,-79.9796
3063,42.358913,-83.488083
3307,37.562801,-122.327629
1177,42.379,-85.8985
3886,38.640053,-109.38961
2611,40.1042,-82.9108
3188,38.757744,-77.069809
3367,35.9273,-78.9368
4077,43.61092,-72.284409
2707,42.45747,-83.858536
1464,34.0246,-81.003
3020,49.8756,-119.1484
3657,42.2887,-83.2239
2022,47.6556,-122.3918
3671,44.229786,-85.439171
3776,37.22974,-121.968735
2097,48.8182,-123.319
3472,40.464,-80.0202
3876,41.307293,-75.940086
3977,40.346161,-76.933258
1019,45.8972,-73.4311
2024,42.5684,-72.8302
1649,39.7364,-105.0431
1896,40.9332,-82.2802
1326,48.2236,-122.5316
821,39.6762,-104.9431
4123,45.06576,-70.24691
2736,28.5672,-81.3554
3147,44.746452,-75.124847
2144,44.838684,-84.940681
2313,32.721973,-97.347565
2374,37.229973,-121.993355
2674,38.95438,-77.087349
3205,35.435307,-96.002113
2346,40.1224,-75.164
433,44.0422,-77.737
1339,38.7636,-77.4321
2000,42.967743,-85.646126
3348,38.9012,-120.0346
688,28.8872,-81.8684
2204,43.15757,-93.228432
1798,38.5579,-90.3545
3207,50.799026,-104.937172
2254,34.2612,-85.1866
2764,32.2808,-110.8624
2923,41.26313,-82.329208
3421,37.2222,-121.9692
4056,42.94635,-78.838478
1222,46.3817,-82.6954
1701,43.0533,-87.9825
2464,41.9292,-91.412
2071,40.539577,-80.026596
2467,49.736347,-123.106003
2522,38.6908,-121.128
2349,46.415501,-117.169456
3925,49.121998,-93.926971
557,32.4289,-90.0918
2594,38.6584,-90.9785
2654,30.390066,-95.556717
3450,44.9656,-89.7066
1192,34.2527,-118.3197
2794,32.7671,-117.081
3257,35.927357,-78.937286
552,39.843,-86.397
2361,44.5366,-89.5594
3137,42.5671,-70.9463
3162,42.416,-71.178
3165,30.4354,-97.6304
313,42.4488,-83.4067
2389,45.3931,-73.5255
3194,43.1788,-87.8784
3792,29.4352,-98.6974
3970,43.060059,-86.180344
2987,44.984318,-93.450745
284,48.7096,-122.501
2003,32.466942,-106.899796
3841,49.5119,-124.7432
2508,42.279469,-71.160614
1549,45.5452,-122.6479
1201,40.524,-74.8233
2625,45.330887,-110.770439
2692,38.928101,-77.265404
4074,37.430954,-122.259354
2844,38.8309,-94.7973
2906,33.25,-86.7778
3185,41.083691,-96.057114
2265,46.696915,-92.055481
3077,43.9514,-79.9362
2723,34.0358,-117.1792
2099,42.758282,-84.589531
2227,45.3606,-93.4188
2018,36.255062,-80.311539
2269,33.021,-116.8142
3129,32.7674,-117.1164
4014,38.0764,-122.2187
2015,40.2026,-75.295
2659,47.791012,-122.285751
3395,38.364002,-122.471786
1377,39.958,-86.0813
3112,38.879055,-77.342598
356,33.882,-84.495
634,38.9959,-85.0141
1281,39.1149,-84.7251
1535,45.53,-73.1531
3566,44.998573,-93.038483
2600,42.7417,-84.5155
606,32.4327,-111.0722
5552,42.435909,-73.520752
1494,39.992432,-105.118675
2381,32.871075,-97.20594
1992,42.433788,-83.331429
697,50.0774,-96.842
3268,46.908535,-117.077263
3883,43.0163,-85.651344
1332,33.8529,-86.8198
2630,30.851429,-96.488228
2506,35.085701,-111.665398
506,43.6699,-79.3223
3522,45.803391,-89.47908
2092,29.722,-95.4644
3694,35.1052,-80.805
1491,39.7556,-75.6544
2005,39.784512,-120.607819
2007,42.023808,-87.69384
382,37.9064,-122.3014
1932,35.8582,-78.7221
1619,42.1177,-72.6445
3813,35.777348,-78.839676
2287,34.211941,-84.185661
2465,35.305336,-111.537628
3766,45.562508,-122.668144
772,41.4245,-81.9252
581,38.2687,-122.4588
1492,33.3095,-84.5466
2130,39.126,-95.7368
2649,35.8871,-79.0558
2030,42.314377,-85.637833
2412,47.31086,-122.178902
3741,43.9426,-79.5538
1120,37.7669,-122.4321
3182,43.574,-80.2618
2041,41.896435,-71.419746
3441,47.2687,-122.457497
2210,30.298288,-97.197899
2786,42.019,-86.5206
4002,37.3178,-77.3795
214,38.8884,-77.2468
2328,27.5092,-82.4068
558,37.895,-122.497
1733,37.527012,-122.515579
2353,32.917416,-117.225037
1457,39.991554,-105.118919
1718,43.6512,-79.4637
753,47.0433,-122.8231
2055,42.427929,-76.41272
2215,40.62064,-74.64138
3446,48.7156,-122.4667
3179,40.477695,-109.583069
3372,44.67305,-85.480263
2279,29.756899,-95.723152
2585,36.0286,-78.9703
2242,39.683044,-104.983521
2880,38.8694,-77.3917
2192,38.909626,-77.323936
2077,40.540009,-80.026276
1937,40.7372,-74.3294
2205,42.482899,-71.313545
3687,44.3731,-100.3343
2028,41.02,-74.121574
1891,40.7916,-76.5538
2507,41.6194,-83.581444
1368,30.4855,-97.8598
2985,44.5866,-89.667
3200,41.136379,-73.86145
1988,45.544384,-122.648682
2087,37.002869,-121.951225
2207,36.1238,-86.8622
8239,37.517155,-122.511681
2202,36.1192,-78.5488
2251,41.2778,-81.8334
784,39.7767,-86.3327
3838,40.4894,-105.0539
1978,40.7455,-76.5747
3344,33.401,-111.6034
361,43.9259,-78.7802
259,41.6274,-86.137
1956,37.4149,-76.5441
2167,44.5919,-123.2601
1034,40.6645,-77.9063
1611,38.7481,-77.2383
3228,35.363754,-83.470131
3946,36.962421,-121.825127
3528,42.013378,-91.68972
2401,44.114452,-79.001274
1833,33.4023,-86.7019
1069,39.0452,-94.7189
1486,44.4587,-79.4938
2014,29.6784,-95.4856
1867,30.8196,-88.2467
2988,44.5472,-89.6004
839,33.9003,-84.3288
2597,38.2868,-85.6276
930,41.7298,-80.1322
3690,41.0859,-81.4518
2141,42.920589,-75.844215
2134,39.267582,-84.388443
1717,38.0889,-122.5178
2035,30.377,-97.9452
2590,39.2307,-76.8055
3443,47.6599,-92.2582
2139,41.5866,-73.7246
1518,39.9378,-75.4074
1547,39.429001,-76.735001
3985,45.08064,-70.24933
3326,39.8207,-82.8191
2320,35.121201,-85.303398
3125,35.586,-83.0733
1482,44.264,-121.198
3469,38.0241,-122.6995
4032,36.416916,-99.420723
2939,38.2534,-122.6054
3973,38.3022,-77.1316
2863,35.2247,-111.6055
475,44.2973,-78.2961
3526,37.9616,-75.342
2232,38.0796,-122.1756
3343,33.6598,-117.3485
3238,47.312687,-122.180145
2898,44.9444,-78.6524
667,48.1104,-122.7828
2456,38.828,-77.4056
524,34.1306,-118.0839
2359,36.2222,-121.7666
1861,33.1983,-96.6389
1301,48.6932,-122.9073
1944,39.7922,-78.3698
3003,49.6846,-112.8142
3470,39.2488,-85.9138
139,39.9663,-74.8103
1522,45.481,-122.5905
269,33.2502,-86.78
2122,42.5196,-72.8462
2797,42.241,-71.753
645,41.3846,-82.2458
3648,38.1535,-92.894
2213,34.2294,-118.8802
3521,32.322399,-106.8041
2738,39.11,-108.6746
4005,47.6463,-122.5331
2784,39.792198,-78.369781
3407,40.005989,-105.207047
3520,35.8922,-78.5976
417,33.2487,-111.6343
1613,42.7287,-83.0279
2838,40.8278,-82.5294
527,38.0012,-122.6016
3624,36.141144,-94.13736
1856,11.4346,-85.5514
3368,32.9471,-117.2371
3534,42.882324,-70.877594
2047,38.4686,-77.4182
3409,48.4266,-123.339
3695,41.042,-85.1695
196,40.8595,-76.7777
2960,43.6588,-79.497
477,36.0105,-80.0429
2648,40.8471,-81.3877
1885,39.0698,-86.5608
140,35.3726,-97.2068
737,32.5232,-92.1604
906,42.3884,-85.4124
691,39.9983,-74.7687
3949,61.741,-150.0406
2717,39.2476,-76.8621
2975,29.4844,-95.1817
2293,40.9582,-73.1108
2142,44.038349,-69.521339
2520,30.2276,-97.9532
3974,40.146538,-75.226082
1910,42.5766,-83.0188
1952,30.296,-97.1958
565,34.2468,-84.1491
3059,29.30098,-98.477203
2020,34.044815,-84.200882
1888,44.6733,-85.4806
3723,44.2285,-88.4814
2963,17.089304,-88.998924
2376,47.481522,-123.242256
1981,39.0066,-76.7452
163,35.987,-87.1451
3904,45.16288,-63.313774
2174,37.5036,-122.4696
347,30.2054,-97.808
3378,59.734188,-151.240494
807,34.7315,-86.5654
1571,36.004799,-86.788597
1977,38.6287,-77.3382
1986,41.0148,-76.4494
2209,35.679195,-78.623779
1141,44.2311,-76.4859
1376,42.2671,-72.5422
1380,38.8661,-77.1949
1821,38.6542,-120.9354
3347,37.5628,-122.3276
1831,39.58,-104.903
928,38.6568,-120.9357
2687,47.281,-122.7734
4066,40.286,-76.1236
1875,39.7552,-104.8724
1124,38.9636,-94.6496
266,40.4467,-79.6842
432,41.4114,-81.9225
3897,53.446766,-113.538879
856,47.8324,-122.198
2479,39.2673,-84.3888
2747,44.055237,-121.298332
2796,38.4757,-105.244202
903,42.1648,-71.254
2632,32.81813,-80.029999
2774,40.3883,-74.7526
3513,44.7511,-91.5147
4029,38.7434,-77.7967
2228,31.136114,-97.529396
3322,26.888899,-82.000771
2197,40.600586,-74.657463
2060,43.157143,-75.462509
283,37.7531,-77.4843
2048,29.3244,-100.7536
2156,31.465654,-110.83075
2588,43.9252,-72.6657
831,38.446,-122.7128
1580,36.5302,-82.4516
2324,37.4288,-77.7352
2655,29.4782,-95.2032
3500,42.8584,-71.6524
3890,48.870178,-122.546631
587,35.8887,-78.5934
2845,35.3052,-111.5381
2033,39.1427,-76.5085
951,43.109,-90.2453
1912,45.4625,-122.726
1924,37.4386,-79.208
800,41.0239,-74.1376
2782,44.8239,-84.9528
2833,41.712147,-72.54155
804,39.1641,-84.5374
837,43.7081,-72.1017
2409,47.391239,-122.20739
243,40.1523,-84.2502
2111,45.815697,-108.526093
3795,47.6582,-121.9654
3768,43.676342,-79.536308
3820,38.2076,-122.1422
4031,45.1782,-93.0029
3050,43.728,-79.3666
4012,38.6971,-77.8056
511,41.0037,-74.0917
658,47.164,-114.0495
1323,42.2516,-71.5966
3261,36.808907,-90.46682
129,35.1417,-97.3409
1767,40.7897,-77.8581
1147,37.7367,-122.1352
3785,48.550335,-117.899101
2716,47.6775,-122.386
1210,34.6367,-106.7322
949,43.266,-79.9441
2212,39.9284,-75.0408
4027,37.5665,-121.9835
258,43.9888,-70.1566
2581,37.388,-92.8313
1567,30.8532,-88.0561
602,33.2716,-87.5362
3658,40.8156,-75.3304
1544,35.9235,-79.063
865,32.7354,-80.1801
533,39.9829,-85.8984
2181,42.447075,-84.029785
2009,39.608875,-119.705193
2135,26.2762,-98.2216
3524,43.311367,-123.067497
3028,41.3192,-72.9626
1575,38.7365,-77.0747
4019,34.560562,-83.312111
3796,38.7444,-77.429
3174,39.456333,-104.74852
2940,39.2572,-84.2818
3568,42.633698,-71.552315
3729,35.780975,-118.444366
2469,41.657341,-91.497917
1925,30.358,-98.047
2070,43.988743,-70.156738
405,38.8852,-77.0882
1381,39.6694,-104.9723
1534,35.2905,-82.544
963,43.6277,-116.2104
224,36.5814,-121.9083
1931,34.4626,-93.9984
3873,42.717,-70.9418
1449,37.4679,-122.272
1762,41.9833,-71.5214
644,35.7176,-94.9203
2096,44.88538,-123.043335
2062,41.4392,-81.8646
2016,38.8912,-77.0948
2998,41.643776,-87.918907
1467,42.3994,-71.12
497,44.561,-75.7218
1348,39.9828,-105.2371
1204,39.9775,-105.1642
1010,41.0995,-76.6631
2761,47.6702,-122.309
2937,33.997,-117.7325
151,43.696,-80.3803
176,43.1567,-77.6107
1828,43.2055,-77.5132
1485,40.1452,-105.1667
4062,40.601994,-75.646904
1074,37.4848,-122.2282
1667,33.8217,-84.261
1635,40.2644,-75.1136
1028,43.5361,-80.2893
3833,41.6656,-70.3606
833,41.0984,-74.2542
3215,37.3636,-118.3876
2061,43.8734,-69.6624
1263,50.9975,-118.1833
770,40.7474,-89.6455
4036,44.773167,-65.405136
3009,28.652294,-81.192513
529,25.7162,-80.2498
1104,42.819,-71.1154
337,45.3769,-73.3881
3127,49.4136,-123.3292
2259,45.0138,-93.484
783,35.8961,-78.7236
768,31.0736,-97.4727
2146,44.964207,-93.367973
3466,33.07193,-117.074982
662,32.8952,-79.8119
3451,39.691,-104.8876
4043,45.354347,-122.597839
2884,39.0452,-94.7189
507,38.627,-90.466
2404,39.1164,-77.7802
1894,39.3781,-77.5706
1957,42.9813,-77.415
3458,38.1791,-85.5792
1373,35.9627,-81.6245
3386,42.113701,-73.576569
245,34.1049,-117.8132
2946,41.059338,-124.146103
1370,46.7416,-71.358
3540,29.043159,-95.42025
369,40.8672,-75.2112
891,39.6289,-84.2671
3753,41.878559,-73.306412
320,35.622,-78.7447
1072,38.9022,-94.3908
2126,32.7472,-97.5194
3220,41.3808,-71.9752
889,42.5767,-71.6457
4001,35.8651,-85.62
2953,45.221062,-79.567566
2662,50.672417,7.154082
1174,43.9127,-70.0849
1537,37.8408,-122.2005
528,30.3691,-98.8662
3660,37.234638,-79.938042
1391,41.8749,-71.5429
3173,40.838058,-76.874313
2420,35.15,-82.5566
4063,44.426235,-121.262146
3135,30.2534,-97.7573
3040,38.685699,-76.545601
3321,43.18182,-73.746956
1497,42.4668,-83.3831
3340,46.7509,-117.189
991,30.2539,-97.7589
440,37.0609,-122.0198
3283,46.146358,-60.168953
235,38.6971,-77.3101
1493,44.0693,-75.4324
3771,45.0726,-70.2432
1199,47.7317,-122.3661
2153,34.059,-118.3288
2258,36.057301,-86.779549
355,43.1572,-75.4639
1738,41.9649,-71.0175
1879,30.2627,-97.7467
1303,45.674,-122.6984
1118,38.6106,-94.6891
221,34.1427,-118.1275
2972,40.8099,-81.9426
934,37.6261,-89.1463
4067,30.4302,-87.7114
3875,43.738525,-72.523407
2291,42.346233,-75.659134
1697,41.3199,-75.924
3327,42.0373,-93.6005
1328,43.869,-69.981
2294,38.9676,-104.6662
3991,33.231586,-117.353409
2887,29.9535,-93.9246
1616,44.9187,-84.908
1996,30.0634,-90.5494
3134,37.1157,-113.6329
3830,39.3635,-76.4041
2516,44.5,-69.9998
786,43.0286,-71.1922
3151,41.769,-74.1854
3303,44.37711,-64.31411
3452,40.7344,-86.7623
354,45.4893,-73.8327
3334,38.2717,-77.2137
2589,44.219,-76.6815
3981,45.04015,-64.385292
867,38.6522,-121.3469
212,42.5442,-71.3733
844,40.9874,-73.8775
1068,34.0797,-117.6484
2178,41.644707,-73.644234
2335,45.491501,-73.398903
2564,36.052753,-86.829353
3184,39.047703,-76.503578
3124,35.6864,-83.5006
1045,38.9201,-94.3999
1559,54.7136,-113.244
3287,44.3241,-74.131203
876,40.8744,-77.0848
2644,45.06,-79.323
158,34.1139,-118.2588
3975,42.654202,-78.702759
1543,37.2495,-79.7018
4072,45.817085,-121.094414
3402,41.980412,-88.09169
2518,36.8112,-86.8698
3846,45.07481,-64.266922
1959,38.2108,-85.7293
1073,41.6795,-74.0492
4017,30.2128,-97.8808
3289,39.945637,-75.822159
400,28.4474,-81.6084
3437,49.0851,-116.4991
1044,42.3206,-89.0127
2388,38.8418,-90.7625
3262,42.2617,-84.8668
2785,41.2037,-77.0444
332,29.7632,-95.708
3625,42.8974,-77.4788
2719,49.687,-124.9402
3756,46.7012,-71.5673
4033,35.994,-78.8986
1305,43.1938,-78.4324
2054,48.9336,-122.7932
136,34.7604,-92.3209
2010,42.9996,-85.6006
3759,39.621601,-104.998497
1194,39.7278,-104.6601
676,47.7799,-122.2431
3216,36.0102,-80.0695
2285,47.666058,-122.326523
357,45.2244,-122.8029
3253,45.0134,-93.648
2257,35.2258,-111.562
2576,52.043633,5.667187
1195,43.6497,-79.4509
1255,44.8032,-63.6202
3583,40.3018,-74.5888
4007,34.4791,-117.4035
3990,48.464,-67.4382
3915,40.477814,-109.583168
1985,42.382851,-71.139603
2155,38.080399,-92.5653
3669,44.2962,-124.1174
2300,40.0638,-105.0441
3739,49.855328,-104.957047
3396,38.122799,-121.254303
4054,38.5996,-90.492
851,39.1108,-76.6838
1317,39.7609,-121.6007
3547,35.864899,-78.657204
895,41.9084,-87.6533
2330,41.37981,-81.761887
2226,39.7564,-105.225
3375,33.830299,-118.379501
3231,41.514599,-82.939102
2945,38.3306,-77.2404
1950,41.9934,-87.7784
2031,41.3963,-96.3009
4039,41.87748,-71.5924
3115,39.1931,-77.101196
3988,42.502022,-71.50428
2950,37.984398,-122.567772
3767,44.343399,-76.490997
2888,39.0761,-108.5451
3945,42.6646,-82.9104
3486,53.442394,-113.573402
2017,37.2926,-122.1436
2665,38.787,-121.3762
2453,47.720123,-122.353287
3952,38.68837,-120.828995
1920,41.4484,-88.2605
1490,44.0553,-121.2981
4025,38.9618,-92.290199
3297,43.6686,-79.4126
282,35.2102,-84.883
1646,34.9252,-79.7842
2056,37.571827,-86.490501
3186,42.037487,-93.604622
1113,43.1264,-80.7291
1714,35.9186,-78.6743
1167,35.4467,-82.4978
4044,33.692875,-112.212952
4042,33.692131,-112.212639
2252,47.643681,-122.145836
3393,48.3182,-102.3802
4041,45.403587,-75.694046
2463,41.753578,-87.606354
2452,47.014,-122.9288
3948,42.453217,-71.155937
2399,42.274052,-71.13755
3751,40.2386,-79.9114
2746,36.520695,-121.676064
2278,33.867573,-83.268295
3614,40.172493,-84.617012
2100,47.678829,-122.025124
2220,39.771999,-86.156998
3962,40.346176,-74.954277
1146,42.444,-76.4821
4047,37.517174,-122.51165
1237,38.3922,-83.5919
2131,38.881,-77.2596
1158,41.6339,-70.9406
2172,39.977627,-85.871361
2012,35.846,-79.1238
1602,42.48,-71.46
3893,45.585613,-73.53389
4020,41.647099,-85.437103
115,39.9244,-76.298
7,42.3109,-74.0554
182,40.410924,-79.649984
49,41.6764,-86.252
183,40.45744,-79.624534
41,39.5243,-122.1936
40,40.6993,-99.0817
52,43.3033,-91.7857
2,37.4031,-122.2443
206,37.34084,-121.76478
48,27.1192,-82.4443
54,34.2439,-116.9114
46,40.41998,-79.656939
17,8.6098,-80.1317
43,33.1983,-96.6389
180,40.412642,-79.649445
30,43.9028,-91.3132
190,40.412129,-79.651084
181,40.414528,-79.6522
51,47.4385,-114.1723
32,50.7253,-113.9747
2032,39.0884,-108.6738
162,33.4255,-111.94
2367,29.832701,-97.933975
2221,33.882065,-84.495178
2413,37.439602,-121.959396
1720,40.1292,-105.1767
1794,32.7244,-117.1292
1060,34.6424,-83.2578
2851,43.1474,-71.5692
1848,38.6544,-120.9352
836,39.9916,-105.1188
715,37.3725,-76.8339
3863,44.4118,-65.1048
1721,61.1973,-149.9642
3993,35.425594,-83.615662
4013,40.6168,-111.786
2296,38.0205,-122.733101
1751,46.4004,-116.9927
3254,35.554,-82.4634
53,34.0044,-119.3996
3722,34.075996,-118.506996
2964,41.49445,-72.020103
161,38.9016,-107.9265
3066,48.270599,-121.681602
4052,45.460117,-79.917213
2027,35.665001,-78.763702
3941,28.962976,-96.539948
3956,36.0028,-83.8511
1117,40.485,-79.9173
3577,26.0539,-97.3125
2372,37.750999,-97.821999
3902,46.232735,-74.84726
2074,45.0672,-70.2408
2921,41.2733,-75.4618
2191,39.388603,-76.696648
3986,46.208313,-60.314781
3799,29.8383,-95.1924
3376,38.4451,-83.6701
2608,46.416401,-117.179199
2857,29.801191,-98.07328
2098,28.914423,-81.250755
2069,45.0578,-70.257
2333,43.091301,-89.349083
1053,37.5281,-122.5152
3519,42.0215,-71.2188
2706,43.4967,-80.190697
2219,35.363201,-90.016701
2245,41.706699,-83.4916
2418,40.788704,-73.505646
3998,38.737148,-85.393105
2423,46.415901,-117.179398
3562,46.8247,-124.1002
3582,43.3233,-77.7173
4034,33.4916,-111.9777
2229,47.3974,-122.8394
2942,29.675,-95.486
2667,38.6735,-121.5026
2326,47.135815,-91.582802
2196,40.554798,-111.869057
4040,47.65374,-122.341019
3817,41.255276,-95.991249
3932,36.076801,-86.964699
1520,35.446701,-82.497803
2955,35.225182,-111.657051
3539,36.0914,-86.7866
2334,40.2308,-111.731
3742,47.656898,-122.415604
3481,32.4286,-111.0734
2184,35.236443,-80.782295
4021,37.7602,-122.456
4037,42.3842,-76.4799
2541,41.202461,-90.605827
3894,35.9644,-78.9678
3837,44.5601,-87.8508
2049,38.961784,-95.259163
3682,43.9728,-69.4276
2709,35.170609,-103.666969
2280,43.909927,-89.585648
2519,49.927898,-119.442703
1127,44.4244,-78.2631
1773,38.28,-120.9703
2159,30.1062,-94.1861
3999,38.7371,-85.3932
2948,38.455,-122.8833
775,41.4904,-72.4291
2829,41.426643,-71.932281
2703,18.3254,-66.4086
3740,44.0839,-79.976997
3989,42.7045,-78.5782
2344,34.2289,-118.8792
2767,36.0002,-84.0197
2920,40.126011,-74.913094
3987,42.3825,-72.6002
3336,42.3667,-84.011
2298,45.227,-93.301
3747,41.32925,-72.318481
3697,47.5786,-122.115
3672,41.458,-72.2764
2218,37.507072,-122.481636
3211,20.493299,-86.9254
2627,36.5958,-121.8784
2355,46.742233,-117.179977
2327,34.9611,-91.9254
1973,37.5278,-122.5262
802,41.7297,-81.3052
3299,45.2687,-84.5868
1366,45.6078,-122.6977
3471,40.6566,-74.328
1006,34.6054,-92.6255
1275,25.953,-81.5115
1233,38.8966,-94.8278
2029,38.9342,-76.7266
2956,48.432774,-89.242645
2067,50.242298,-96.572601
3075,34.106499,-118.263298
3951,46.232784,-74.847153
3839,35.958,-83.9172
2132,51.2456,0.1672
1622,29.422701,-98.492699
2684,48.163937,-114.274292
2152,53.555794,-113.256317
2125,39.4261,-76.6257
1476,47.7212,-121.9466
3958,36.0029,-83.8512
3491,40.269825,-76.112343
2962,37.6612,-89.256
3831,32.587917,-84.808914
2849,42.0495,-82.674301
3053,37.527103,-122.515457
677,50.816592,-114.318236
2524,46.720467,-117.174355
3758,41.036442,-81.51915
2837,48.0447,-122.7681
2451,39.866699,-75.3862
1012,34.9535,-85.1986
2110,27.728,-97.3332
3541,48.289658,-122.520645
2189,34.7313,-76.642601
3935,30.4331,-87.2044
2708,47.3252,-122.6228
3913,46.232666,-74.847351
1779,36.5942,-87.3815
3784,44.622658,-68.588326
3079,27.799,-82.6446
3905,46.473598,-75.253502
191,40.331534,-79.898667
3908,29.9872,-97.3092
3912,46.531101,-75.236198
2653,37.399,-122.0858
3807,41.622799,-87.0448
2718,34.7395,-82.3042
3847,43.174599,-78.358498
3716,45.956276,-66.641548
3564,42.5467,-85.977898
3907,46.472801,-75.230103
3909,46.490002,-75.266403
3163,38.9197,-90.228
3494,45.812199,-66.678398
3001,39.591202,-81.760498
2200,40.678,-73.554
3866,39.9733,-75.3471
94,38.1041,-122.2566
2339,48.000301,-123.263397
1059,50.4923,-104.6327
20,41.962772,-82.51844
3769,44.0497,-123.0713
2107,35.2302,-97.285
2217,38.5734,-90.5582
3891,42.9696,-85.8777
2182,45.441387,-75.657257
1007,41.5757,-93.7364
3880,44.217476,-72.125618
2415,39.049557,-77.408112
3772,44.2845,-93.4225
3877,39.9694,-77.0602
1185,34.2851,-77.9278
2695,44.285583,-69.109261
1071,44.9715,-123.0038
1181,34.9513,-82.096
1046,39.085,-108.678
536,38.263,-122.4095
3752,44.773121,-65.405113
1778,32.0325,-85.456
642,46.8823,-68.1209
2052,35.1147,-111.689499
2373,40.37392,-73.99762
3865,40.544994,-106.872528
2085,42.527802,-71.103996
2123,30.116165,-97.820869
2341,37.0674,-122.0622
3496,47.750546,-122.007439
2351,30.5794,-97.6888
2148,44.921223,-93.179749
2058,41.083458,-73.869339
2329,42.651,-78.9348
995,41.4486,-83.3646
286,61.1214,-149.7217
3702,45.443035,-75.680641
149,45.841,-79.3796
3204,37.527004,-122.515228
3811,41.9893,-72.5073
3812,41.9893,-72.5073
2459,40.5894,-105.0682
2340,37.589001,-122.046097
4204,41.02,-74.121582
2201,41.222801,-83.022499
2255,29.773,-98.5836
2859,42.050148,-76.121017
3476,42.112598,-82.4095
3598,42.9802,-85.5879
762,33.9169,-117.8744
3736,50.236401,-97.302101
3609,34.076,-118.5071
3773,44.0874,-123.1426
3359,4.0078,-79.8596
3477,38.6358,-121.3046
3565,41.439899,-81.466286
1675,37.7045,-122.0742
3061,42.055,-74.1272
3361,41.5222,-83.147
2038,35.3983,-83.096497
2185,44.468201,-72.686897
871,39.0563,-77.2467
2425,30.176001,-98.102798
3559,26.8888,-82.0007
3764,42.7204,-70.9355
3763,38.8645,-84.4493
1500,42.7117,-71.1663
3065,35.371761,-83.228722
3726,34.0761,-118.507
2352,37.340939,-121.764748
3591,34.076,-118.5069
3468,37.63142,-122.493729
2461,41.0066,-72.4548
2999,41.991573,-72.379272
2930,43.8249,5.3046
740,30.3222,-89.7505
3593,34.076,-118.5071
2669,38.689999,-121.363899
3373,35.668999,-118.457001
1325,37.1422,-121.5976
2325,37.452202,-122.442398
3374,40.7,-74.3924
3643,39.058056,-104.683304
3673,37.9441,-75.3436
1354,42.2534,-71.5974
384,34.1121,-117.7082
4630,34.6761,-84.4788
4320,44.185558,-72.450638
4239,34.4582,-119.9016
4131,42.4444,-76.4926
4098,39.6764,-84.0342
4521,36.4316,-82.6435
4406,38.9891,-77.104
4277,33.23161,-117.35348
2599,42.5161,-84.3486
4113,42.50827,-83.65287
4142,42.580879,-87.906982
4680,40.1728,-74.0337
4547,39.6613,-105.0888
613,41.7467,-87.7207
854,47.1574,-114.0412
4184,43.7832,-70.1571
4690,42.9995,-88.2304
4237,42.405376,-71.109741
4545,39.833893,-75.621696
4497,39.941,-75.3655
4292,44.9105,-89.5545
4414,46.003799,-73.575424
4245,33.309395,-84.546715
4259,42.709,-84.4016
4282,40.0239,-75.3244
4691,37.526962,-122.515602
4196,30.181831,-92.052864
4210,36.496845,-121.744652
2234,42.4708,-83.1148
4165,43.761368,-79.418877
4372,42.639767,-79.074768
4110,41.817917,-72.460976
4556,36.59,-77.59
4377,42.3758,-71.0973
4422,40.1778,-77.2328
4203,44.382408,-68.207146
4186,39.7829,-75.9757
4197,36.495724,-94.261757
4455,33.756458,-84.323349
4154,39.756954,-121.874222
4122,33.509586,-97.889656
326,41.6652,-87.9833
4349,42.56572,-70.818657
4434,37.8594,-86.0019
4243,39.424465,-76.275909
4346,45.013832,-64.179253
4145,39.728088,-104.908615
4607,32.902248,-96.605194
1103,43.6533,-116.1753
4261,42.959644,-87.852791
4195,44.7603,-85.618
4638,47.637653,-122.529182
4285,42.6854,-84.5016
4527,41.1618,-104.7648
4178,32.402908,-89.966759
4428,41.960903,-83.903091
4244,41.867519,-72.541344
4241,37.7306,-122.1442
4272,44.254688,-68.374695
4454,32.819481,-117.194412
4403,42.5173,-73.2282
4213,44.9854,-93.51
4290,39.581,-77.7988
4223,45.390354,-73.916969
789,42.101,-72.628
4212,42.3232,-83.459
4378,34.816784,-87.444382
4291,42.5222,-82.962
4659,39.1161,-77.0884
4596,37.1101,-80.3373
4227,46.798462,-96.122025
4258,37.394188,-122.223061
1790,37.7703,-122.4407
4663,34.92247,-76.778969
2171,37.778244,-121.955589
4425,38.9934,-84.8879
4568,42.331455,-71.339287
1904,42.4429,-71.2326
4293,36.291,-82.5001
4096,30.3964,-95.3604
4128,42.392948,-71.781898
4670,47.6784,-122.1857
4415,39.7786,-105.5756
4119,42.4118,-72.0952
4525,37.8823,-122.2832
4381,44.1506,-72.6557
4351,35.934429,-79.045357
4382,43.8917,-78.8699
4150,44.66732,-65.602554
4538,34.446609,-119.842873
4625,47.7723,-122.2849
3554,41.5998,-82.7102
4324,42.6072,-83.8404
4526,38.401283,-121.46402
4565,40.557449,-77.596199
1016,41.5716,-93.8762
1784,35.1168,-80.8706
4512,41.7684,-69.9535
4171,41.5734,-83.893
4192,37.9588,-87.3806
4151,44.9578,-78.6484
358,34.1847,-79.7704
4599,34.0498,-117.1528
4583,47.53,-122.0688
4117,42.385,-76.4776
4426,42.299,-85.634
4266,43.963383,-69.581001
4469,47.759274,-122.548172
4286,38.3043,-120.2748
4509,33.7317,-84.3556
4301,44.8893,-93.1391
4628,30.129986,-97.765045
4384,47.7699,-122.1651
1636,42.9071,-85.7972
4424,43.7308,-79.2647
4234,37.33239,-107.855034
4404,28.5638,-81.3482
4288,41.8229,-87.8716
4661,41.610458,-71.153603
333,45.1865,-87.1239
4327,60.003674,-111.861443
4300,44.309341,-69.769516
4667,22.2937,-97.8459
4337,8.761184,-82.444382
4688,44.5718,-75.8796
4655,40.7697,-89.4735
2710,44.6975,-63.8826
4695,41.0662,-81.7217
4694,38.4044,-122.8811
4652,29.6474,-96.1408
4456,42.3206,-89.0126
4579,42.9593,-88.3591
4411,42.6717,-71.3157
4138,31.659401,-111.570396
4518,45.051914,-93.653534
4620,29.7129,-82.3848
4631,44.748699,-65.305603
4672,41.3554,-89.7325
4554,42.5057,-70.8533
2290,42.34919,-87.973122
4222,39.9616,-76.4304
2954,30.4224,-97.0664
4095,46.75,-117.150902
4094,46.7299,-117.137703
4315,42.3737,-71.0915
1741,37.7782,-121.9557
4453,38.88,-121.2826
2580,39.136227,-77.641792
4648,40.481266,-89.001457
348,42.1902,-83.564
4616,42.3651,-71.2392
4569,32.238201,-80.826698
4588,29.923479,-90.095428
2805,37.2247,-119.233
4462,40.851887,-105.638412
4665,30.1759,-98.1028
4617,39.782936,-89.673195
4342,45.24248,-70.49352
4481,45.25334,-70.52973
4380,44.2597,-88.307
4644,47.7668,-122.0767
4515,46.182072,-73.571579
4589,34.2438,-93.1404
4466,44.661736,-93.082939
4321,43.5002,-79.8706
2890,10.713248,-85.053413
4352,42.74947,-84.618774
4489,39.190292,-84.616447
2282,42.799915,-83.044159
1126,38.6033,-121.3652
1962,49.2634,-123.0663
4126,46.189766,-67.647415
4238,39.183914,-84.674294
4306,38.104,-120.5232
1014,47.6442,-122.6647
4136,47.8972,-122.5318
4111,26.247,-80.099
1379,40.5388,-78.3908
864,33.374,-111.9179
4517,47.317574,-122.177238
4600,42.796722,-76.049904
4226,42.828621,-83.694351
4310,37.3855,-118.1792
4586,43.941715,-79.433136
4101,45.636978,-108.733253
4229,61.2038,-149.2676
1078,42.6971,-74.9259
4606,36.5675,-77.5791
4129,42.801,-71.3085
4118,32.8968,-105.5224
4102,39.201214,-96.559486
4537,43.2186,-79.8267
4099,44.492901,-77.421204
2199,35.110203,-85.276077
4507,45.3576,-84.9088
4097,39.805199,-83.780899
4495,39.8046,-83.779198
4083,39.936745,-83.807549
4120,45.5124,-122.849
2281,42.983528,-78.71386
4467,32.84737,-96.739433
3911,46.490101,-75.226799
3903,46.4557,-75.250198
4514,44.3957492769011,-74.146243473455
4214,46.232662,-74.847298
4174,35.305534,-83.140099
4215,46.518101,-75.242996
3265,40.1354,-75.6358
3406,35.7812,-118.445
4162,42.1908,-79.2452
4459,33.1166,-117.269096
4260,33.968983,-80.978157
4182,34.6174,-86.5538
4211,42.3346,-71.3398
4502,38.7806,-77.0185
4494,39.936749,-83.807518
4468,47.194687,-93.572433
2681,44.437492,-73.159195
3054,39.89082,-75.328621
4172,35.994,-78.8986
4248,41.9836,-71.1474
1148,41.2255,-77.0503
4137,44.2845,-93.4226
4407,33.8992,-83.9614
4268,33.4964,-117.6822
2609,39.073601,-107.1978
4216,29.6728,-82.3872
4333,43.506,-79.8881
3662,42.423359,-71.152992
4269,37.411,-122.157
4257,51.054092,-114.058548
3078,50.429001,-104.534103
4221,35.681675,-88.839073
4254,42.184814,-88.06498
4267,30.5161,-87.5838
4249,31.0154,-97.3714
2198,29.833099,-95.749802
4265,42.7053,-73.8983
4242,46.1898,-67.6475
3604,38.6618,-92.326797
4251,37.3325,-107.8552
1454,49.871601,-97.136398
2332,30.239,-95.4939
4205,38.5358,-121.4966
3306,38.662498,-92.325897
4228,42.824699,-77.667801
2216,45.0688,-92.819
2117,38.001015,-122.601624
2788,39.382,-77.4299
4217,45.8157,-108.5261
3349,37.5434,-122.044
1173,40.7877,-74.5908
1319,53.7193,-0.4572
2664,38.566,-121.2464
4170,34.6363,-86.4791
2671,36.118229,-94.079948
1989,42.422344,-83.336342
2223,42.709,-73.9178
2932,41.0201,-74.1215
5217,37.526798,-122.515312
5396,39.988655,-105.880104
5381,29.566654,-95.771446
5047,30.8438,-97.0374
4980,37.52668,-122.515648
5213,42.5274,-71.6738
5125,38.244671,-122.68811
4721,38.9744,-95.2793
5034,47.9421,-122.2988
5070,34.4484,-119.7164
5378,39.109,-77.2489
4726,45.702,-111.0756
2053,37.282448,-122.02124
5389,27.7706,-97.3976
4985,40.998524,-81.318993
4978,40.8998,-77.452
4941,41.0849,-76.5807
2143,42.3994,-71.45
4729,35.9547,-84.135
5026,35.95443,-84.135414
5342,41.9877,-71.4163
4975,40.4266,-79.9064
5416,32.1928,-80.7036
5345,34.405,-111.513
5386,30.682323,-87.901413
5006,35.934811,-86.801285
5357,49.2422,-122.596
5127,42.861927,-76.982857
5401,39.858,-76.117
5261,39.3596,-77.2143
5233,37.526901,-122.515503
1254,48.3179,-68.8723
4990,44.4668,-75.5149
2410,47.6632,-122.0338
5404,38.3128,-77.135
5077,30.4471,-84.2416
4769,40.723,-73.86
2793,36.8898,-76.2406
4707,42.6782,-70.9298
5323,51.571,-114.092
5231,37.189381,-93.356033
2350,42.705399,-71.497803
5280,40.6049,-74.5795
5322,38.428646,-90.363907
4262,45.7052,-89.3388
5282,39.0666,-84.279
4710,41.683,-69.9772
5115,39.1259,-76.5524
5407,45.3927,-73.5255
5204,38.029,-121.2313
5324,38.915394,-77.152084
5106,49.3779,-123.3418
5028,44.0484,-92.4948
5192,43.069939,-77.542282
5114,42.305485,-72.451576
5009,44.4537,-73.1773
5022,29.6813,-82.1987
5190,42.0852,-71.73
5211,37.9857,-122.0081
5410,29.65,-95.3083
5355,29.7349,-95.4698
5046,38.7968,-122.9884
5031,41.899284,-86.60257
5023,30.446602,-97.936707
5165,30.535004,-84.224052
5094,41.7533,-111.8083
5169,47.3603,-122.1063
5299,44.66,-71.64
4513,44.3958,-74.1462
5080,30.321613,-89.750313
5347,34.446556,-119.784447
5380,47.7041,-122.2842
5319,46.521515,-114.116119
5128,40.027649,-86.100586
5035,30.555393,-97.811432
5402,43.6171,-72.9636
5413,47.61578,-117.357018
5126,32.8579,-79.7648
5182,43.8821,-79.6599
5067,42.9656,-85.65
5303,45.4408,-75.6584
5405,33.872902,-78.49633
5370,33.7425,-84.3703
5339,45.717,-111.07
5279,36.834946,-76.179863
5032,51.587601,-116.3097
4734,40.0476,-75.681
5346,45.9943,-66.7745
5372,42.29882,-71.015381
2633,46.157,-85.7562
5271,39.0286,-76.5701
5149,42.165058,-71.741295
5359,42.4616,-83.5709
5230,47.658958,-122.517616
2008,44.607719,-124.059326
5387,34.837662,-82.126175
5189,44.1228,-72.476
5348,37.347458,-78.847198
5266,45.444622,-93.723068
5185,43.8729,-79.7227
2475,40.097599,-80.669502
5376,41.7783,-76.445
5083,37.2574,-121.9024
5287,36.7714,-76.2164
5130,46.631,-113.954
5037,43.064579,-89.467712
5183,32.1554,-80.7406
5215,35.1264,-84.8994
5007,35.985031,-95.861252
5291,39.734489,-105.145401
2471,40.09721,-80.666382
2472,40.097054,-80.66684
2470,40.104099,-80.642502
2478,40.096947,-80.666405
2466,40.097057,-80.666298
2474,40.096943,-80.666641
5242,46.415798,-117.179398
5241,46.4202,-117.172897
5335,43.641193,-79.391487
5297,49.5102,-124.7182
5296,41.92416,-87.65062
5082,42.594,-83.1868
5140,27.3856,-81.4376
4696,49.2408,-122.5846
2004,36.657299,-121.758301
5263,34.1414,-118.1304
5095,49.9131,-97.127
5101,52.152508,-106.647682
2051,40.128849,-75.529732
2660,37.0304,-120.6652
1111,47.0252,-122.831
5277,45.4168,-73.4827
5245,34.031,-118.5162
5113,41.319283,-73.485016
4971,47.6503,-121.9754
5253,41.7063,-72.8648
4976,38.967773,-78.744942
5036,41.2064,-81.6702
5166,40.789993,-111.863625
5250,38.0935,-122.2715
4979,67.328201,-150.152802
5056,43.254616,-92.811188
5138,29.0928,-80.9956
5153,27.5473,-81.815598
5103,41.177,-81.4431
5069,45.747135,-63.612804
5218,35.937,-78.5657
5216,37.527,-122.515533
5191,40.0236,-82.8732
4954,41.8621,-74.8828
4727,39.644176,-104.74781
4748,43.2194,-79.6346
5065,43.899799,-70.177498
5096,44.486034,-69.803734
5000,30.4094,-84.3463
4737,45.3647,-75.8058
5092,39.04052,-77.511734
5086,50.62822,-99.965607
5060,30.4848,-97.7378
5085,29.482,-98.4963
5068,41.594742,-87.090515
5020,35.967098,-79.995399
1260,32.607,-97.4065
5004,35.9489,-84.1686
4995,38.2083,-85.7187
4984,45.7159,-111.0811
4967,38.9829,-85.8699
2579,48.499901,-122.655403
1285,50.5668,-96.5748
4767,45.5438,-123.1346
2753,40.664509,-75.364441
586,37.5411,-122.5117
4717,38.4012,-121.4639
4738,47.5851,-94.9219
5505,37.236496,-121.887596
6046,39.420818,-123.780655
5916,40.000904,-75.654663
5693,33.384632,-111.895203
5433,30.4578,-84.3203
5737,40.841438,-77.496124
5545,38.3379,-122.833
5719,38.602367,-122.584991
5584,41.4544,-81.8584
5732,32.050789,-86.222183
5898,35.575291,-94.176147
5864,42.7102,-78.93
5768,47.5844,-122.5192
5733,45.499256,-122.627182
5739,37.230167,-121.821899
6099,43.082069,-89.518944
5692,44.194618,-76.736427
5507,42.946518,-85.581848
6085,41.7188,-70.197403
5655,39.768,-75.7364
2617,47.3826,-122.7244
5630,44.719704,-93.751534
5941,49.500122,-123.996025
5776,45.354321,-122.597824
5929,38.566395,-77.696518
5812,43.082336,-89.519234
5556,47.5668,-122.6456
5632,39.9972,-75.299
5787,41.1334,-74.6626
5578,43.676792,-81.281181
5777,43.168724,-79.237251
5621,36.149757,-83.693199
5760,34.187988,-118.565308
5479,45.445072,-93.722633
5438,37.159378,-93.208801
5624,40.006592,-105.285019
5649,32.939,-117.1563
6029,33.135891,-87.555847
5592,42.5168,-71.1154
5628,41.9848,-72.3314
5808,48.814346,-124.119576
5555,32.394,-89.941
5744,31.9552,-110.2806
5607,42.9794,-81.312
5701,38.334755,-122.683281
5459,39.7705,-74.8968
2356,48.814323,-124.120033
5487,37.9948,-122.5958
5483,51.1518,-114.033
438,38.1087,-122.5609
5543,32.447311,-111.01329
5475,41.372982,-72.348686
5796,33.865959,-112.105881
5910,29.5957,-95.1077
5865,28.954594,-81.303902
5619,36.3583,-82.4592
6044,43.1303,-79.2312
5756,37.896812,-122.502922
5565,36.226967,-121.766937
5711,43.988873,-70.156784
2261,32.824062,-96.838043
5455,40.74,-74.38
5636,37.158115,-93.209961
5647,39.0955,-94.5973
5714,44.0388,-103.2949
5793,30.379183,-95.284492
5691,44.072834,-73.542809
5490,41.613663,-83.588043
5785,30.2739,-81.6476
5629,37.529488,-97.333633
5601,43.2861,-85.1424
5638,47.622,-122.11
5809,48.814205,-124.120522
5574,40.6633,-74.8892
5512,37.009544,-76.350983
5147,44.952682,-93.352905
5790,29.3871,-95.1203
5807,29.726,-95.4397
5594,43.831,-91.3118
5427,38.9009,-77.2565
5553,34.1448,-118.0513
5589,36.663815,-121.646278
5703,42.7039,-71.0846
5533,38.6992,-76.6359
5915,32.6318,-97.1414
5866,8.793509,-82.691322
6108,38.783154,-77.774193
5811,41.0426,-83.6356
5780,38.697144,-77.805603
5766,42.568127,-87.816292
5937,39.426109,-81.453522
5651,30.5402,-84.2662
5547,61.12532,-149.718597
5477,43.828537,-72.133423
5431,36.625526,-84.385849
6101,32.141853,-85.931183
5810,42.435886,-73.51992
6031,41.0841,-73.8397
5962,41.156,-73.8332
9670,40.611099,-74.402405
5914,35.3876,-120.8528
7573,34.18013,-118.177658
5892,42.3026,-73.292
5949,44.6733,-72.9399
5742,42.282509,-71.953743
5791,40.0022,-75.299
5983,35.77372,-81.168434
5576,33.13554,-87.556046
5804,43.6162,-72.1419
5687,51.845482,4.63052
5458,37.900867,-122.531868
5713,55.96,-114.85
6013,46.4994,-87.3601
5862,41.4334,-78.5431
5901,39.261787,-121.139923
5963,43.688377,-70.448547
5813,38.953194,-76.997795
5608,47.627518,-122.645996
5673,40.848,-75.8876
5500,32.8368,-84.9316
5717,42.9766,-85.328
5972,40.88102,-73.920654
5528,45.4951,-73.5635
5446,-37.729137,144.991791
5860,35.580704,-82.587692
5936,44.826771,-93.317421
5969,40.0098,-75.305
5759,43.4086,-72.0252
5557,30.018869,-98.777008
5603,42.0566,-72.1453
5721,47.5834,-122.2979
5815,42.4359,-73.5203
2830,14.6343,-90.515503
5694,46.631153,-93.063042
5856,48.550156,-117.899254
5747,43.843498,-103.563004
1502,49.817902,-97.153503
5474,44.1855,-72.4505
5525,47.7252,-122.3581
5640,37.522419,-122.307938
5674,32.529202,-84.997597
5716,43.8228,-70.2634
5432,40.8848,-72.6276
5650,47.579338,-122.702423
5794,35.4351,-96.0021
2186,45.493855,-69.61348
5781,40.0066,-105.2846
1501,49.8186,-97.1512
5575,51.171001,-115.573898
5697,33.5096,-82.1674
5762,37.1711,-121.7297
5522,38.688267,-120.82901
5743,41.0663,-81.7217
5656,43.817738,-115.860641
5696,0.0017,-0.0011
5517,30.801579,-96.758713
5466,38.5604,-76.0985
5658,44.0424,-103.2884
5635,32.2494,-110.7954
5676,49.0826,-123.9911
5666,44.2708,-72.5636
5506,47.481499,-121.738602
5445,45.2477,-84.1095
5539,30.294979,-89.378868
2645,39.6511,-104.9921
5558,51.191502,-115.560051
5600,46.5031,-92.0199
5548,30.079136,-97.274857
5537,41.3214,-72.9328
1799,39.8584,-105.449
3148,33.364498,-111.734299
5462,33.2346,-86.8703
5491,35.0608,-101.6893
1283,44.0516,-82.9832
5326,46.41539,-117.169479
5444,42.931152,-71.158768
2375,20.62,-105.2318
1785,45.6499,-76.4875
5423,45.5463,-70.8865
6975,46.029758,-118.41378
6869,47.306828,-122.175529
6989,37.3186,-122.0884
6260,45.0352,-123.0152
6171,45.057,-88.226
6748,48.4665,-122.9689
881,32.0024,-102.126
7135,39.123062,-90.331047
6901,38.5929,-90.3588
6998,39.992409,-88.710167
6494,32.7788,-117.103
6969,39.7302,-105.096
7020,37.52969,-97.333946
7144,37.7008,-113.0748
6990,26.1052,-80.2144
6939,35.504112,-81.258652
7175,32.8186,-117.0858
6715,50.574463,-113.879631
6843,36.0634,-79.1198
6833,49.1543,-122.8938
6852,34.188007,-118.565392
7142,37.465603,-122.348007
6201,34.078453,-81.134712
6853,34.187931,-118.565338
7110,44.6584,-123.098
6913,47.578957,-122.073097
6754,47.068874,-122.31646
6772,38.3116,-78.1262
7118,45.191982,-87.918015
7109,33.8888,-117.206
6840,34.136,-84.7928
6583,47.127487,-122.417679
6835,7e-04,-0.0036
6847,47.6846,-122.3444
7134,44.542942,-123.376839
7126,42.828678,-83.694336
7171,41.171539,-80.88726
6912,42.347,-88.274
7137,47.618504,-122.284035
7153,34.069977,-77.919373
6437,37.155495,-93.210861
6751,40.315262,-75.022667
6756,47.6304,-122.2082
6642,39.245975,-84.306335
7166,40.780621,-79.817497
6238,33.135357,-87.555817
6747,32.972595,-97.225433
6712,33.468132,-88.814743
6753,33.973,-84.3512
6778,35.022,-85.3922
7095,42.8022,-89.4951
6684,35.232628,-80.800003
6777,40.652142,-78.242531
6178,40.13562,-80.621017
7162,33.848694,-117.831123
6497,38.545254,-75.08799
6713,35.9354,-78.8882
6531,37.414307,-122.151695
6846,35.945984,-78.611191
6978,47.5364,-122.278
7128,38.756,-75.206
6658,30.30047,-95.804367
7133,32.84024,-96.805344
6392,39.7322,-104.9043
5814,35.438869,-82.500092
6173,40.093914,-80.663239
7018,40.3036,-74.2878
7041,43.711575,-72.267029
6224,45.389835,-123.799179
6556,43.2304,-77.7171
6788,42.8704,-85.6682
6776,45.4163,-72.6179
6759,40.25951,-76.83152
7014,44.960629,-93.446373
7127,41.795,-73.9256
6970,9.922,-84.2414
6696,40.955212,-72.286057
6213,39.0018,-77.206
7078,45.9655,-60.458401
7113,41.137299,-81.519501
6646,40.9656,-73.1438
6864,43.676777,-81.281281
6318,32.6889,-79.9589
7163,41.091,-73.6724
6711,39.439,-79.9914
6692,42.575161,-88.501755
6903,41.8622,-72.8366
7070,41.80772,-72.18663
4505,41.6614,-74.705
6796,35.99139,-96.056236
6780,44.487247,-73.185837
6785,30.7832,-85.4827
7170,44.319397,-71.920113
7130,33.824036,-78.76181
7069,36.1814,-85.5262
6324,43.037205,-77.467651
6938,44.3406,-73.4286
6968,42.476,-82.8864
7124,45.8582,-122.831398
6775,44.4034,-71.666
6219,41.958931,-73.383644
6571,12.1165,-61.679
7033,41.862148,-72.836578
6269,40.6288,-74.4221
6121,37.2274,-80.2767
2248,39.232841,-76.679726
6663,43.9872,-89.7876
6179,35.1031,-106.488884
6805,40.521,-74.5778
7042,35.602386,-84.084167
6620,38.193863,-79.16507
6654,38.809204,-77.323204
6641,27.462496,-82.523552
7036,45.416698,-72.618202
7043,37.687454,-77.421638
6844,48.790718,-123.660225
6670,47.407585,-70.618095
6758,36.827923,-119.819717
6893,49.517,7.5079
6125,41.0756,-73.8619
6607,33.505112,-117.743073
7132,46.877048,-100.813332
6818,45.4615,-122.7615
7071,43.8738,-71.7952
7164,35.6484,-84.1444
6848,40.48254,-74.619759
6752,35.764462,-79.081467
6176,45.705238,-122.671692
6814,36.9653,-122.0466
6560,31.3797,-90.289597
6722,43.015339,-85.643524
7085,41.353668,-95.965546
7072,37.700798,-113.074272
6760,32.196152,-95.24707
6690,45.815826,-108.489594
7048,37.80965,-81.147629
6961,31.0126,-96.3072
6832,35.6172,-88.0506
7045,34.160198,-97.181396
6886,-33.692024,150.52803
7038,41.42786,-84.397469
7015,32.112202,-84.067703
7060,29.7712,-95.5774
6258,37.4406,-122.1192
6443,47.317539,-122.178085
6657,38.540657,-78.011162
159,34.2073,-118.1509
6808,42.570793,-83.409401
7046,34.157497,-97.160118
7021,42.133469,-79.755844
7049,36.069595,-79.822243
6518,34.1803,-77.8677
7016,26.3544,-80.2268
6200,32.6412,-96.78
6963,38.367512,-85.802437
6985,39.0258,-77.3983
6816,42.263485,-85.334686
6994,40.8432,-73.7178
7082,41.561886,-81.435905
7054,35.199173,-79.480064
6665,47.275723,-122.311539
6699,47.667831,-122.381432
6971,30.145193,-95.545433
7073,37.042828,-122.022247
7000,36.138172,-80.978561
7044,30.042,-82.8296
6997,33.4474,-84.8362
7019,39.072285,-77.118042
6940,26.6372,-80.06
6204,38.83482,-79.377396
6661,29.698395,-82.360306
6656,32.677254,-97.187553
7047,30.237,-95.5458
6723,42.7938,-77.6144
6957,40.0824,-74.1237
6972,37.8097,-81.1476
6619,44.047867,-124.092926
6996,43.625618,-116.194801
6517,39.8582,-86.263496
6974,38.29731,-77.439125
6185,43.303452,-87.99865
6530,35.105492,-77.056953
6962,42.340195,-92.483383
2347,37.340839,-121.764778
6251,21.3133,-157.823
6945,35.852207,-95.89698
6933,43.0642,-89.0674
3236,13.254497,-59.566326
6849,34.92152,-89.944038
6574,45.328648,-92.667206
6600,33.468052,-88.81514
6907,41.675491,-71.67382
1608,46.3692,-82.6695
6422,38.917286,-90.229935
5609,47.9946,-122.7628
6755,33.7594,-93.4934
6789,47.377975,-122.103058
6883,37.2248,-119.2331
5610,47.9679,-122.76
6792,41.6272,-87.8274
6800,40.814,-74.237
6795,28.428541,-80.755875
6695,32.882565,-97.220444
1372,30.4854,-97.8606
6146,44.60281,-78.838722
6757,45.615288,-73.137794
6645,46.787842,-100.783745
2370,44.415478,-70.325882
6344,39.513084,-87.252815
6737,44.3557,-79.9886
6573,41.897789,-88.308662
617,38.7254,-120.805
6632,48.763454,-122.469742
6307,29.482224,-98.472572
6210,43.087959,-89.323975
6441,37.0411,-122.116096
6259,28.4475,-81.6084
6349,41.641579,-82.831436
6305,38.1142,-122.6
6301,38.1141,-122.6
6245,39.171642,-120.23671
1976,37.77393,-122.136276
6172,43.302052,-89.746239
7819,37.8938,-122.5303
7515,37.059,-121.9804
7323,37.864014,-122.277298
7204,31.391821,-92.153671
7338,37.711704,-122.470108
7399,59.3939,-151.3418
7561,39.799915,-105.18084
7640,32.840218,-117.22921
7560,33.026,-96.8816
7512,44.069138,-76.963722
7795,36.993,-122.0066
7317,33.944901,-118.012917
7294,47.899822,-122.583443
7604,47.3188,-122.3924
7344,40.88015,-79.905197
7707,41.779,-87.9924
7562,42.0444,-92.7836
7184,33.804852,-118.11747
7514,37.8056,-121.3316
7371,39.669926,-104.989616
7827,30.1575,-97.9715
7621,32.9214,-96.7766
7481,45.027,-123.0026
7293,38.084045,-122.806885
7477,37.169418,-93.209908
7578,53.5164,-113.4818
7797,39.624313,-119.699013
7668,45.5496,-122.8293
7771,34.3975,-118.5568
7685,44.6734,-63.5136
7503,37.320087,-122.002434
7288,39.9464,-75.1802
7682,40.5662,-79.7078
7384,34.93924,-92.228333
7366,59.6638,-151.5875
7372,49.3862,-123.3376
7226,30.457,-97.714
7351,29.668196,-95.487526
7650,41.8948,-87.9378
7670,47.504902,-94.062653
7265,37.8686,-122.1718
7491,36.0006,-84.0816
7287,47.1054,-122.7709
7322,33.1692,-117.2136
7417,44.939,-93.278
7736,49.7834,-97.1036
7263,28.1342,-82.3518
7869,39.5214,-106.0056
7613,30.1178,-97.8246
7792,30.117886,-95.697731
7786,30.336561,-97.787216
7823,43.2188,-71.0728
7733,49.7834,-97.1036
7201,38.917286,-76.463745
7843,30.406904,-97.753693
7886,33.337467,-79.295509
7527,30.464251,-87.203987
7606,40.061741,-83.064529
7565,39.8025,-82.7839
7752,41.162025,-81.396561
7254,28.338943,-80.719582
7312,41.123482,-83.299347
7633,53.6003,-113.3838
7737,49.7834,-97.1036
7619,44.864193,-92.763451
7476,45.1016,-61.9578
7876,45.704,-88.3876
7629,45.5937,-73.2324
7516,35.288807,-79.027878
7724,49.8819,-97.1036
7207,39.0498,-77.0208
7533,64.8629,-147.9139
7350,45.399197,-122.460533
7732,49.7834,-97.1036
7703,28.215178,-82.617271
7369,30.670712,-98.035728
7090,43.5976,-79.4972
7734,49.7834,-97.1036
7868,26.9252,-80.164
7787,40.5776,-75.2228
7758,40.5768,-75.2237
1143,42.495,-82.9007
7267,38.93441,-77.396141
7264,45.725559,-122.861397
7215,32.2108,-80.7459
7422,37.0197,-76.3849
7546,35.935333,-78.986954
7256,41.2263,-74.3699
7794,30.851068,-96.487587
7472,36.10799,-75.73027
7292,40.6736,-73.9676
2449,44.7774,-63.5812
7483,41.839867,-71.55127
7253,42.207706,-76.001617
7569,37.374058,-79.201469
7776,39.550346,-76.115845
7727,41.63163,-81.324905
7726,41.4443,-71.5317
7577,37.4486,-77.6702
7321,42.98613,-71.046532
7414,39.414082,-76.532753
7789,46.9726,-122.8806
7320,38.647175,-90.324997
7179,38.737484,-75.261208
7888,38.8733,-77.1872
7277,40.018753,-76.77726
7660,32.7226,-97.1329
7590,36.7528,-76.1934
7647,48.115715,-122.771423
7199,41.414551,-73.740356
7426,44.33934,-75.466454
7873,39.0074,-77.2032
7790,45.380291,-93.086884
7393,35.3732,-119.0187
7862,40.742695,-75.315346
7519,29.7223,-95.6017
7310,42.379,-83.0959
7851,47.506561,-94.06147
7314,44.959652,-93.458839
7327,45.9893,-94.3547
7297,37.2922,-121.9358
7781,35.394108,-83.564896
7874,29.0472,-95.4672
7842,48.464787,-123.397919
7710,41.0512,-73.7238
7211,37.999138,-122.635422
7023,40.2238,-105.1962
7262,39.6353,-84.3745
7741,44.886673,-85.493591
7339,43.6445,-79.4364
7285,28.081,-80.5638
7857,41.169769,-73.246666
7858,37.4056,-122.1824
7579,42.407814,-88.316788
7735,49.9874,-96.9656
7870,33.502,-86.7796
7315,30.153511,-81.563225
7738,49.7834,-97.1036
7576,37.946335,-122.326508
7813,42.003788,-71.950638
7172,34.0996,-117.6041
7861,40.2382,-79.9296
7816,38.855629,-94.62957
7705,34.125069,-118.206009
7683,40.3896,-79.6573
7513,38.590252,-90.695648
7831,40.5327,-75.1879
7846,43.540253,-79.590919
7362,44.581978,-119.560104
7319,45.0969,-93.975
7508,50.2308,-118.3536
7690,40.6827,-110.9704
7743,48.45956,-123.320915
7599,32.899,-96.765
7709,30.0993,-97.4568
7777,37.6278,-77.5644
7814,37.574024,-77.04847
7648,42.072231,-71.496384
3235,13.2591,-59.5621
7608,46.8056,-71.2262
7740,45.785095,-88.032288
7671,43.5266,-122.8176
7755,47.3151,-122.1768
7692,48.49651,-123.389137
1998,37.8624,-122.0838
7349,38.037,-120.406
7115,30.285467,-97.696205
7765,40.019,-105.0814
7389,34.1982,-118.4205
3720,45.956558,-66.641685
7742,39.097656,-94.356377
7376,30.3075,-97.7271
7694,40.4068,-111.6225
7714,33.821835,-84.259041
7425,39.087639,-77.054459
7575,41.885227,-88.315865
7337,42.4046,-123.3972
7654,20.927,-156.2317
7704,47.6777,-122.3977
7642,46.6512,-71.9276
7212,42.0436,-92.7828
7631,34.853542,-89.383446
7550,42.003441,-73.773773
7620,35.729301,-78.098801
7373,38.938545,-74.941978
7525,32.328587,-90.145264
7609,49.1362,-125.8936
7625,42.813,-71.522
7618,32.3289,-90.145
7524,38.194511,-78.519524
778,45.3151,-93.1924
7526,18.9707,-99.0469
7298,38.33482,-122.683006
1990,41.8564,-87.7176
7580,32.446,-82.9902
7475,45.9664,-60.4599
7205,41.754261,-86.153549
7574,44.885632,-94.365814
7553,47.466774,-94.946777
7268,44.647652,-123.120682
5909,34.188,-118.5655
7537,33.0191,-96.8808
7236,39.878723,-84.519882
7420,42.368523,-75.579468
7431,40.887699,-81.353218
7395,37.3989,-76.5658
7495,47.1684,-119.5985
7411,39.787884,-87.861809
7407,35.1778,-106.4972
7235,41.009,-73.6236
7396,39.683529,-105.089378
7309,41.498016,-81.557358
7290,43.1064,-73.7686
7295,41.024155,-85.332863
2337,40.4758,-89.0028
7357,30.310764,-97.794304
7347,35.588707,-77.32534
7311,47.5722,-122.391
7346,39.0895,-84.3842
7332,38.9261,-77.405
7313,42.438114,-88.136894
7296,41.0241,-85.3328
7280,43.7871,-89.6535
4353,51.903297,4.460752
7208,38.4956,-123.081
7216,47.63607,-122.117233
7177,31.041002,-97.359947
8310,38.634411,-122.845924
8038,37.049809,-122.057793
8547,47.306,-122.176
8220,37.985435,-87.61541
8406,48.502506,-123.367249
2546,37.8592,-122.0896
7928,38.6796,-120.9922
8294,37.256088,-122.049263
7898,37.896069,-122.185188
8348,37.434181,-122.266289
7989,38.621964,-122.831146
7947,45.450611,-122.603966
8346,33.53,-117.3382
8577,33.9686,-118.3734
8224,33.118938,-100.172546
7925,53.205887,-105.766251
8471,35.6478,-120.7008
8074,30.0304,-98.3826
7970,40.124435,-105.292229
8316,42.9258,-89.3839
8244,37.7528,-122.1242
8412,38.691166,-121.796356
7930,48.779015,-122.56176
8188,33.0357,-117.2611
8023,31.842329,-110.972519
8149,47.433,-109.4498
2322,41.862198,-71.464539
8101,34.770473,-89.443481
7922,40.808346,-89.383171
7946,30.257601,-97.762146
8293,40.1606,-75.4576
8378,36.432262,-94.261444
8312,36.062183,-86.780884
8323,38.7958,-77.0508
7967,33.9794,-84.3459
8181,40.8518,-75.8868
8291,42.8434,-73.871
8151,35.0307,-81.9629
8123,30.567917,-89.641319
8319,30.244184,-81.787811
8546,32.7157,-117.1611
8054,43.58749,-90.084846
7942,34.161545,-118.607124
7944,33.136345,-96.936729
8554,40.575512,-84.20562
8367,48.149067,-103.634407
7973,40.959232,-73.705994
8480,26.2772,-80.1342
8425,45.319958,-122.978615
8206,30.446934,-86.912445
7901,44.61187,-88.094986
7999,39.672466,-86.402222
8246,45.0754,-92.9007
8153,30.363119,-97.786888
8226,27.235851,-82.463737
8176,37.015003,-88.333511
8242,33.483982,-86.818832
8446,32.316574,-82.287514
8299,31.2822,-85.3764
8030,28.637651,-81.349823
8217,43.644279,-79.436417
8064,40.998089,-76.452148
8311,34.851749,-89.377617
8097,59.662365,-151.572845
8532,31.282782,-85.37709
8526,43.073128,-74.342308
8356,42.632996,-82.924393
8015,41.202831,-87.623779
8094,43.5944,-84.1054
7938,43.2612,-86.3076
7981,43.483208,-80.46875
8184,38.012211,-78.627937
8460,39.957855,-74.674774
8050,44.647709,-123.120773
8342,40.451836,-86.773117
8581,42.392982,-71.781937
8127,39.358765,-74.754929
7936,33.467602,-86.761848
8008,40.1014,-88.2087
8298,40.6348,-75.5073
8266,40.0704,-74.7018
7916,38.9443,-77.0187
8295,36.318172,-82.322197
8250,38.385002,-76.495384
8280,34.037689,-81.175476
8258,26.074131,-80.258812
8134,38.761646,-76.165154
8122,40.4845,-75.3208
8056,37.532459,-84.382317
8090,38.7332,-75.1833
8228,35.7656,-78.8388
8427,38.246807,-85.484085
8098,42.349861,-72.51796
8255,42.7634,-71.0712
7903,40.066,-77.394
7923,42.327667,-71.82431
8354,39.0767,-76.6755
8241,43.875263,-79.250488
7961,44.667862,-76.623207
8010,42.987942,-88.054016
8093,39.4974,-77.905
8167,44.4958,-76.5605
8126,44.499775,-123.432762
8528,42.1572,-71.465
8005,42.99559,-70.887657
8314,40.2332,-75.1128
8461,41.675678,-83.647797
7926,47.162,-119.6036
8031,44.4076,-73.3746
8513,41.4344,-73.4274
7909,42.837585,-83.727852
5465,41.7739,-88.0542
8165,40.805779,-74.326881
8558,30.511793,-84.431358
8373,44.0054,-123.0328
8531,29.722851,-95.585297
8109,39.992783,-75.007278
8341,42.1608,-71.258
8087,42.699547,-83.860863
8364,34.831799,-92.241653
8510,41.874,-88.0038
8021,47.5982,-52.6903
1131,30.2423,-97.7672
8358,39.4154,-76.4173
8254,38.197605,-78.385132
7986,9.5832,-83.795
8251,34.097839,-118.201103
8141,42.628399,-71.887077
8474,29.531822,-98.635765
8436,43.4892,-79.6942
8506,30.5284,-87.0414
8262,37.822205,-122.193497
8560,33.623,-111.9249
8522,32.859631,-96.789825
7984,34.853596,-89.383682
8514,39.812542,-76.896172
3896,44.0024,-123.0326
8505,34.5284,-77.5023
8118,29.042913,-95.420456
7729,40.8388,-77.9224
8277,33.527,-117.3288
8256,44.009533,-123.034775
8478,35.902672,-79.058029
8292,27.468262,-82.660843
8468,41.554905,-71.05014
8497,42.63435,-83.154716
8238,40.0298,-74.5869
8381,39.7682,-121.8456
8447,34.8567,-89.3808
8481,37.517094,-122.511597
8500,45.54517,-73.665085
8450,34.85355,-89.383423
8454,29.75585,-95.466881
8440,26.215738,-97.429802
8424,42.477119,-83.176689
8465,43.045681,-88.38311
8428,36.3396,-86.5578
8395,43.901104,-69.99073
8464,36.3389,-86.5644
7985,38.912895,-76.941887
8345,33.783932,-118.122856
8168,38.971581,-77.021988
7929,44.053318,-121.32061
7919,45.534512,-92.015648
8318,30.257263,-97.770401
7718,33.456,-111.943
3377,32.9468,-117.2337
8326,33.790089,-116.286293
8324,43.65321,-79.918907
8408,37.526962,-122.515549
8269,30.5322,-84.1808
8380,36.2888,-95.3118
8365,32.606926,-92.651482
8234,34.446461,-119.842972
7894,40.9757,-73.883675
1350,40.2493,-75.9727
8352,40.768,-111.7632
7940,45.705002,-122.632523
8361,40.0959,-74.6842
8362,40.0798,-74.7028
8322,37.9249,-122.720894
8320,35.702969,-78.694397
8317,32.0166,-81.2668
8174,46.442196,-80.980873
7884,40.742954,-75.31562
7875,34.151966,-116.454628
8119,44.9744,-93.3228
8099,27.3758,-97.8164
8138,42.7882,-72.265297
223,47.4386,-109.4443
8182,43.2783,-79.8344
7974,40.1671,-77.2328
7992,37.8112,-122.2072
8203,39.535,-104.9678
8230,34.142536,-118.116203
7965,40.837,-90.176
8157,37.1183,-121.6563
663,37.3312,-121.9244
8096,29.7784,-95.4694
7987,40.140171,-105.17054
8139,35.757,-81.9124
8037,26.146702,-80.28569
8073,34.4082,-103.3294
8100,33.1804,-100.7856
8146,37.2809,-121.9445
8009,43.042156,-88.317642
7964,36.458,-121.8046
8121,45.354214,-122.597725
7907,33.635239,-79.043327
8027,32.889919,-79.791458
8039,29.904602,-85.360191
7941,34.288822,-85.188889
8022,35.8524,-95.8964
7962,33.4868,-111.6698
7988,40.433605,-79.924484
2512,35.8388,-79.1313
7963,34.984093,-85.333672
7945,37.368183,-119.62719
7908,33.635231,-79.043327
1930,39.6415,-104.8202
9024,32.372,-106.735
8941,33.228893,-117.353951
8988,32.992737,-117.179619
9091,35.2638,-120.6524
8799,45.393864,-122.618637
8849,33.482399,-112.496941
9240,21.055506,-156.840393
9111,37.646225,-105.564911
8570,42.787884,-72.265221
9011,38.2236,-122.65
9287,46.019436,-116.07621
8968,38.556824,-121.774849
2253,48.708328,-122.49704
8737,37.144421,-113.620781
8595,39.079601,-75.481094
9085,38.6912,-121.7963
9071,41.854774,-88.029411
8922,37.382305,-122.236565
9286,33.119091,-100.172379
8986,40.0092,-111.6536
8966,27.841551,-97.22316
8814,42.34,-122.8428
9234,33.3896,-86.719
9061,37.7566,-122.4108
8998,38.860931,-104.919594
8947,49.848366,-119.612206
8948,47.106449,-122.844833
9027,45.052456,-88.144196
9222,45.4455,-122.8329
8933,47.721764,-122.03109
9004,29.974331,-96.401558
8754,38.570141,-121.369881
8717,40.189476,-105.143372
8628,42.517986,-70.859604
8763,45.0139,-69.2622
2095,36.965687,-121.832558
9135,35.9005,-78.6877
9086,33.174,-97.1262
8945,35.59557,-97.610802
9210,29.945887,-97.535881
9136,34.0624,-117.1676
9208,39.673,-105.365
8688,28.031118,-82.777672
9002,37.8516,-122.4702
9076,37.753105,-77.484436
8935,29.594929,-96.678902
9264,39.320225,-123.797173
8789,29.61405,-95.613815
8739,32.351929,-90.05954
9214,41.587,-90.4662
9040,33.748466,-93.490906
8766,32.343483,-94.619804
8714,42.121986,-76.254875
8867,32.897,-96.8672
8684,32.330215,-80.478531
8987,44.335083,-78.705666
8768,37.277462,-79.905815
8662,27.9687,-82.2619
9281,28.4898,-80.7994
8612,29.416193,-82.138954
9045,38.1646,-107.753
9205,40.0266,-75.2236
8656,44.011902,-79.366455
8449,29.9971,-90.1046
8940,36.698608,-76.242035
9130,27.468254,-82.660858
8794,29.4952,-95.0854
8677,36.054749,-86.830254
9003,44.592579,-92.298012
8783,31.6982,-98.8628
9220,33.5951,-83.9499
8809,33.0247,-79.795319
8664,41.089458,-89.163506
9090,35.493847,-82.137711
8680,36.142166,-79.839157
9079,6.82794,-73.085236
9006,45.806,-92.3862
9109,40.771,-73.4934
2850,37.4752,-77.6282
8556,44.396702,-78.040298
8770,39.298,-84.8721
8934,39.1666,-96.6067
8985,40.1466,-75.5382
8965,41.375004,-79.310684
8982,46.059578,-73.485863
9217,40.11,-75.196
9206,41.112167,-74.143311
9137,26.9266,-80.1698
8937,40.504791,-77.923409
8611,39.155,-77.2158
8924,27.2087,-80.8124
9285,41.9602,-87.7052
9266,41.3128,-81.3324
9211,48.4326,-123.3534
9056,26.235474,-81.813705
9099,44.11758,-78.055183
8596,27.966,-81.9146
8946,43.1512,-87.8984
8929,42.253811,-82.434631
8954,41.601238,-82.732941
8012,45.5948,-77.3294
8738,38.8966,-94.8278
9257,38.9366,-120.8062
9293,44.120266,-68.934525
8740,53.857193,-122.776413
9275,27.9346,-80.6398
8970,41.489,-72.9802
9060,46.63187,-71.351234
8679,25.9034,-81.6932
8711,38.857269,-75.245285
9236,43.12458,-89.731781
9268,30.371153,-97.746407
9290,40.5264,-75.7606
8964,33.484627,-112.504601
9139,42.997871,-89.610008
8624,38.1956,-79.1638
6942,38.5954,-90.5483
9251,39.055,-76.5074
8977,36.329,-78.5768
9106,33.418739,-111.720886
8683,35.548363,-121.089233
8852,32.723999,-80.048874
8721,36.54657,-87.319221
9075,43.447838,-80.459442
8957,30.638592,-97.705048
8751,43.731209,-70.241417
9140,35.184,-120.5368
9080,39.264988,-77.914253
8979,32.914108,-79.781944
9081,38.655365,-121.148872
8796,35.6839,139.76
9128,40.9432,-73.7776
8898,41.149593,-81.437836
9115,36.157494,-96.009041
9001,33.4174,-86.8544
2124,37.319019,-121.929131
9113,38.987362,-77.200241
8984,34.432,-117.7202
8883,52.3421,-114.0862
8958,30.37888,-83.082474
9041,45.5972,-98.3126
2612,34.398434,-119.725891
8887,45.4352,-73.8344
8881,42.765205,-87.844749
8726,42.4727,-71.1597
8920,44.009052,-123.032181
8601,50.635715,-126.865112
8669,49.729,-86.95
9025,25.1227,-80.4094
8961,30.295837,-97.72805
8997,45.3126,-85.2675
8785,32.067078,-96.744919
8999,42.3809,-83.9183
8812,46.018085,-74.208557
8639,45.702019,-121.88871
8892,42.6028,-70.9806
8925,40.495,-105.0796
8681,32.611,-116.2582
8928,40.796913,-77.863045
8630,52.073395,-106.720818
8917,40.87611,-77.547348
8801,37.8266,-122.2498
8631,53.4692,-113.4983
8719,38.915,-76.8444
8787,42.980591,-88.004433
8777,40.713463,-73.265579
8718,33.806,-116.523
8668,29.3564,-98.6326
8697,34.536659,-112.415451
8663,37.547222,-77.550339
6836,38.8916,-78.169
8636,40.5512,-111.8061
8635,36.956852,-122.033371
8637,43.39571,-79.972969
8627,36.5465,-87.3193
8584,41.32,-74.9432
8609,42.592693,-70.682693
10195,42.0874,-71.1728
10090,44.599773,-123.307693
9582,38.452015,-122.900543
10376,43.1768,-124.3778
10210,37.9044,-122.4992
10011,33.8998,-112.0266
9686,47.7151,-122.0337
10018,48.4756,-123.2948
9711,44.3322,-121.405
9585,45.50367,-122.620842
9922,34.125668,-117.751358
10558,49.2584,-123.145599
10401,34.8758,-120.4488
9654,32.493961,-99.981735
10221,45.44418,-122.526985
9584,38.611496,-121.537369
10133,38.5594,-121.4994
9365,34.41415,-119.731766
9614,37.7752,-122.4294
9629,45.071918,-122.658707
9546,37.526878,-122.515511
10049,38.103,-122.6048
9923,33.15897,-117.204742
10206,33.725052,-111.991333
9789,47.865562,-122.190697
10271,39.538555,-76.095924
10553,36.171597,-115.181404
10294,48.682121,-123.445229
10552,31.88084,-111.002693
9967,41.449486,-74.094864
10499,33.1426,-117.1868
10070,47.6064,-122.1508
10390,39.9992,-105.1554
9532,48.763138,-122.470139
9657,38.914001,-104.702003
10557,37.90564,-122.652252
10447,44.286484,-121.480682
8018,34.1135,-117.586
9404,47.732048,-122.366425
9756,34.179966,-118.112778
9996,34.9888,-106.6716
10114,44.6632,-123.2682
9678,40.105888,-105.159866
10520,40.657227,-107.248871
10389,37.410545,-122.156326
9337,37.7962,-121.3288
9927,43.3894,-124.2444
9615,49.171982,-123.990967
9611,32.3706,-111.1178
9989,45.446507,-122.700066
9830,33.128254,-100.171112
10243,37.851681,-122.480118
10035,47.6482,-122.3734
10233,34.75037,-92.313004
10113,32.3014,-110.9456
10512,37.463505,-122.26741
9676,55.264267,-127.652092
10509,43.708817,-116.323135
10197,45.263683,-93.40303
10429,43.761593,-88.409355
10475,30.1574,-93.7532
10238,36.489418,-121.856056
9662,17.062624,-96.729019
9968,42.182,-71.231
10129,32.894978,-97.135147
9986,30.495642,-84.07814
10340,39.414753,-107.110634
10069,32.263165,-96.513962
10568,42.7104,-110.9642
9718,53.853451,-122.664032
9814,41.870018,-73.742645
10433,38.656303,-78.472397
10054,42.505508,-76.609367
10237,37.528,-77.4374
10297,45.063507,-72.732964
9381,31.104673,-97.34005
10483,30.160217,-98.08551
10425,42.629841,-100.86467
10056,40.550922,-105.117554
10025,33.227722,-117.240273
10010,43.988708,-122.946518
9574,48.233864,-122.215065
10302,39.907368,-75.407181
10137,39.759243,-105.07412
10337,38.8802,-77.2726
10065,45.715923,-122.660217
9980,30.368948,-95.498581
10449,36.017662,-86.825005
9424,32.2369,-110.9674
10170,33.642456,-117.563171
10079,19.436716,-155.244614
9949,40.338234,-74.045395
10394,41.0356,-73.6216
10488,46.393242,-93.841385
9383,32.9927,-117.1799
9385,42.1966,-111.7806
9741,47.240849,-122.461273
9783,41.1183,-111.9143
9398,33.9236,-84.4768
10373,52.974075,-122.477882
9877,42.948929,-85.787003
9858,34.110352,-117.818954
10281,40.365,-80.0486
9624,33.6925,-101.985
10507,39.7442,-121.6384
9859,37.532879,-77.503288
10001,31.433498,-92.443405
9848,31.862,-96.8246
9959,43.018417,-86.217155
10252,37.5228,-121.9418
10057,40.548592,-105.052193
9991,37.4942,-77.391
9603,39.1366,-95.3478
9470,49.0272,-116.465
9843,33.67165,-83.750015
9984,47.5976,-94.9296
10387,44.743416,-93.383148
10555,30.461988,-91.07737
10110,53.447975,-113.416405
9883,36.03838,-80.158272
9864,30.119095,-99.117233
10506,32.213348,-110.971878
9634,29.387,-95.1201
10554,38.565479,-122.382141
9660,48.414009,-115.518135
10048,35.306,-120.8488
10504,30.6408,-88.2166
9759,32.25346,-110.725372
10263,30.610552,-88.087654
10012,30.52301,-87.352272
10339,27.767326,-98.052353
9820,39.5692,-94.1226
9994,30.3312,-86.1808
10029,40.742214,-73.063354
9987,29.024256,-80.922813
10443,36.538601,-87.282646
10545,43.608959,-116.15255
9399,44.54776,-89.59819
9755,32.575081,-85.543053
10230,39.785824,-105.173904
10262,35.3588,-86.2102
9992,51.0216,-114.6356
9993,38.7462,-90.678
9813,30.454697,-84.184853
9826,38.668,-121.4914
9636,41.294582,-75.306412
9862,47.57283,-122.37986
10539,41.181225,-73.401611
10022,33.9584,-116.5616
10544,54.31588,-108.59153
10162,29.6616,-82.3786
9970,44.520763,-89.577888
10192,45.107929,-93.100365
9809,33.466709,-83.200211
10084,33.99757,-80.962395
10505,43.875996,-123.024818
9860,35.166378,-90.051933
10067,34.613277,-82.459137
10188,39.256,-77.1638
9488,33.2277,-117.2402
2302,39.0754,-94.5829
10143,30.445654,-90.449226
9617,29.693,-95.8084
9747,30.682405,-87.901337
9829,33.7619,-84.4565
9480,38.902378,-76.620293
9769,39.961884,-84.339073
9551,40.762287,-79.523872
10286,26.231396,-80.265503
9998,35.0464,-83.9592
10227,34.470154,-84.261887
10472,28.6364,-81.298
10368,50.218754,-96.824982
10367,36.1894,-86.7572
10082,35.68956,-80.891998
9465,44.551,-89.3848
10008,40.588085,-80.038155
9707,44.1198,-78.0654
10284,40.022362,-75.411057
10142,47.32621,-99.009247
9646,27.223171,-82.499039
10239,30.385,-91.15
10164,39.169998,-84.099998
10199,41.633915,-88.507454
9729,47.9231,-97.096397
10306,37.349709,-79.83786
9898,28.068331,-82.762764
10498,49.324417,-97.175026
9604,34.145397,-117.99437
10290,39.86198,-86.342834
9945,39.782005,-76.435036
10063,25.117916,-80.415245
10440,35.214508,-82.696861
10248,39.2947,-85.2292
9689,41.446918,-81.352966
10536,33.353981,-86.792114
9363,39.572964,-76.226501
9962,40.370712,-80.085281
10291,42.567883,-72.218735
10017,42.564575,-83.912636
10072,35.276443,-82.426392
9307,41.3655,-93.5432
9446,44.619175,-80.904434
10411,26.821051,-80.283585
9977,44.8562,-92.424
9857,43.7794,-84.1504
10372,29.537804,-82.493912
10556,39.342461,-76.961075
9665,39.852314,-86.165977
10399,43.269547,-77.354774
9982,39.172211,-77.028473
10301,40.275162,-74.848289
10442,37.52,-77.3934
9947,40.759514,-79.523727
9332,44.8904,-89.597252
10005,40.182652,-82.9767
10184,39.018,-77.0732
9750,42.268036,-72.544083
10260,42.1592,-84.4038
9610,38.2464,-104.497
9921,41.221,-80.7664
9978,39.8808,-75.1144
10046,39.093082,-77.103355
9879,40.047817,-75.196823
8983,41.136158,-73.861511
10479,33.0136,-80.0123
9761,41.709503,-83.725357
9955,42.727,-75.4244
10078,43.519016,-79.615715
9565,40.492,-96.3753
9925,44.778027,-91.477531
9330,41.902882,-69.996613
9270,39.0467,-94.2531
10083,41.381439,-72.857224
9817,42.112061,-72.45639
10165,35.848766,-82.159454
9851,42.385944,-71.246208
10377,39.895332,-77.43013
10517,42.6474,-83.1014
9224,41.67,-70.0095
10540,41.422119,-81.593353
9866,37.522781,-77.453461
10076,39.617867,-77.671516
10068,43.5128,-70.4654
10071,36.539001,-82.600403
9805,41.867008,-74.151886
10454,28.287476,-80.715057
10543,45.1986,-93.1086
10313,29.682783,-82.340096
10396,44.2214,-76.5823
9853,38.9478,-76.7929
10047,42.82901,-72.186485
10013,40.7306,-80.0856
9559,30.2599,-81.4764
10050,45.4175,-75.641853
9948,42.040478,-71.018929
10214,46.099556,-77.479591
10253,39.9375,-104.7517
10075,40.463619,-79.700165
9907,39.8338,-86.3996
9656,42.8332,-78.4251
10051,38.783569,-77.643806
9425,40.758762,-79.541794
9979,42.330631,-71.187386
9648,39.4808,-77.7526
9999,41.1758,-73.2914
10424,40.023022,-83.000465
10300,44.7223,-63.3969
10225,41.37595,-79.314857
9737,35.973751,-78.811409
10296,49.5884,-119.5714
10204,46.168655,-64.777245
9975,41.138428,-86.210205
9958,38.854023,-77.690041
10309,41.324154,-81.872322
10115,27.1938,-82.4912
9901,45.0334,-93.4336
10020,39.753414,-104.99836
10423,43.655254,-79.514076
10036,42.635281,-72.200951
10194,30.200285,-97.836052
9804,40.5976,-84.2046
9505,43.9917,-70.1531
9950,34.8372,-82.2582
10277,42.4774,-71.2354
10538,41.4464,-73.919
9972,38.060452,-78.67672
10055,39.709148,-77.77388
10491,48.6824,-123.4447
10279,42.419804,-70.934067
10274,41.7149,-70.6131
9974,33.028614,-97.099762
10177,44.332966,-79.997025
10314,49.00708,-123.038803
9437,39.2625,-84.2907
9303,40.2402,-74.7465
9810,39.844608,-84.301964
10381,37.764027,-84.33548
9715,43.7185,-74.1079
10331,32.9725,-96.6259
10100,30.049826,-98.236679
9816,38.9358,-95.3778
10436,41.033592,-74.162758
9863,42.2929,-71.2147
10111,29.489765,-98.91468
10546,40.7132,-73.9138
10172,42.3248,-71.4418
10307,28.0311,-82.7775
10006,38.7936,-77.3112
10481,38.059307,-78.680779
10167,36.557529,-82.503082
10357,39.802212,-75.181396
10009,28.775436,-81.894012
10446,43.4272,-71.9894
10086,40.222202,-75.333794
10074,43.7956,-89.4052
10551,34.833042,-84.313248
10205,40.675434,-75.407646
10176,41.769901,-72.741203
10131,44.2679,-78.026
10451,41.031212,-73.651299
10196,40.630173,-73.580002
10374,26.27058,-81.681244
9578,40.6457,-73.9453
10211,42.191025,-74.172958
10541,41.292068,-70.170128
10323,40.9154,-73.9596
10362,41.7292,-74.0836
10358,31.6212,-99.563
10116,48.0356,-122.4036
10476,43.037842,-73.855438
9406,36.624,-121.6467
10123,42.8106,-70.9676
10487,35.635612,-97.613991
10264,33.828,-116.5492
10403,33.9326,-78.08
10534,43.514683,-70.462486
10002,44.4716,-79.819
10030,33.80476,-116.957336
10103,39.3718,-123.7676
10288,35.103806,-85.087715
10187,39.472542,-78.26123
9919,30.514364,-99.884003
10099,27.1039,-82.4547
9612,43.7248,-80.501
10445,42.868,-71.946899
10515,30.741909,-97.941986
9536,41.5335,-83.3952
10169,39.0085,-77.3699
10452,32.7436,-79.9432
10523,48.05682,-122.770912
10493,30.375032,-97.795135
10500,50.634876,-120.360847
10438,38.8577,-104.8804
10181,34.819038,-82.198029
10525,8.4245,-83.2753
10093,36.143,-105.0506
9653,34.827354,-80.514015
9661,38.756729,-120.827087
10189,36.561623,-121.754555
10108,47.730404,-122.632973
9528,30.0535,-96.9058
10034,36.962055,-121.97776
10338,33.116543,-80.113281
10473,26.6962,-82.054
10329,47.410366,-122.932983
9575,30.413818,-86.785606
10235,30.5434,-87.0102
10112,35.948,-78.5904
9952,28.914213,-82.439003
9743,39.8262,-84.9364
10222,38.157272,-84.470787
9889,41.0145,-86.010628
10495,33.783768,-84.304047
10406,34.108471,-118.385323
10087,46.290794,-86.772034
10397,39.0946,-76.525
10085,29.761915,-95.765549
10016,41.0828,-81.19
9599,13.255,-59.561
10303,43.607,-81.7046
10228,35.521553,-78.674263
9754,39.3353,-81.5262
10422,28.637844,-81.332886
10059,38.50758,-106.055191
9126,43.019905,-77.391838
10218,34.1436,-99.2954
10393,43.649872,-79.447235
10208,41.756847,-87.927498
9981,40.0956,-75.2066
10031,40.002903,-83.052582
10217,30.729204,-97.801277
10386,32.757252,-80.057823
9964,40.145252,-75.415565
10053,43.193005,-70.84581
10336,34.011,-118.4326
10439,40.759212,-111.566757
10250,29.786963,-97.729523
10037,39.460056,-104.729004
9811,32.2225,-95.7962
10200,45.45932,-122.739105
10259,33.2342,-97.1348
10232,47.6619,-122.4205
10105,37.394608,-122.127434
10435,33.6423,-117.5629
10186,49.686,-97.3416
9757,45.62426,-111.053474
10106,41.0936,-81.6066
10021,42.5842,-70.783
9774,39.034206,-79.842926
10298,39.618206,-77.670708
9983,42.440563,-88.941658
9971,39.941,-74.6744
9894,38.6344,-109.4226
10242,42.391602,-84.0774
10371,38.393318,-82.660141
9941,47.383175,-79.742989
9956,43.2764,-79.9578
9775,34.7223,-92.534
10305,41.4774,-96.1224
9951,43.123318,-71.640381
10317,41.00679,-74.154198
10102,42.3396,-81.8344
10089,34.0882,-118.5026
10361,40.021271,-82.986588
10251,42.81189,-124.349586
9679,40.2402,-74.7475
10241,38.992008,-119.898621
10052,47.509003,-122.47596
10324,30.4562,-97.760002
10179,40.191025,-105.083267
10335,39.458786,-104.738907
10370,42.4196,-73.5634
10045,41.055561,-85.307777
10062,44.3314,-106.7188
10375,44.7546,-63.7216
10064,36.9631,-122.0339
9605,26.5146,-99.1153
9748,39.82,-105.0818
9784,40.140026,-83.124672
9801,45.552113,-73.91375
10257,44.575211,-80.485802
10168,27.3273,-81.4219
9841,41.049469,-72.44075
10287,47.3392,-122.2851
10185,37.982792,-122.53611
9807,38.8821,-120.8329
9780,32.205517,-110.85183
10073,42.3926,-71.398
10224,29.990625,-98.106544
10202,29.7836,-82.765
10000,34.931873,-81.853935
9942,39.894806,-104.980782
10136,39.110569,-77.224281
10178,23.01211,-109.720665
10198,39.087727,-77.241974
10319,39.8462,-86.2992
10278,38.3168,-76.4988
10027,38.40234,-75.152153
9708,45.163479,-76.682838
10033,41.187332,-81.894051
10132,39.0225,-77.052
10015,47.541622,-121.965202
9997,33.9981,-84.046799
10285,29.6743,-82.3795
10283,37.5232,-77.4527
9995,41.2122,-85.801201
10171,27.170536,-80.202995
10173,33.870403,-84.348846
10231,42.0458,-70.6966
10127,27.155149,-82.389687
9966,39.715282,-76.102348
10159,29.622889,-98.613884
10043,44.474545,-74.160011
10098,34.704647,-92.378685
10019,36.195168,-86.766899
9823,41.920448,-75.934525
10141,49.339188,-123.267761
10236,41.565807,-90.493866
10223,41.1872,-81.894
10182,48.46497,-89.183182
10213,42.799294,-74.356934
10212,33.7251,-111.9912
9468,27.0112,-82.2586
10042,42.161026,-70.769859
10201,27.316975,-82.470978
10193,45.108,-93.1008
10091,32.881409,-97.19249
9727,40.865746,-73.406822
9834,39.711689,-74.919006
10023,28.697,-82.3506
9953,27.80537,-82.661942
9861,32.505299,-94.362915
9960,40.937748,-73.832733
10014,42.208267,-70.887253
9766,36.0591,-86.8485
9913,49.213,-122.5092
10026,44.9124,-93.2476
9990,43.276615,-71.960907
9372,34.155357,-117.669624
9856,31.528069,-98.662987
9725,38.7314,-77.7418
9827,38.3204,-104.624
8715,39.93185,-75.605209
9641,35.0274,-80.8924
9753,33.1046,-117.1324
9579,28.419886,-80.709427
9562,43.724,-116.2452
9673,34.217098,-96.9916
9723,25.1961,-76.2419
9709,45.7758,-108.483
9627,38.6106,-121.2789
9752,42.645302,-85.474747
9622,34.5876,-81.859
9408,42.693871,-84.244621
9677,37.7611,-122.4259
8709,39.8013,-75.1726
9666,42.555058,-83.219391
9544,40.028423,-105.27066
9631,45.7647,-108.4805
9557,47.5559,-117.5911
9589,40.259552,-75.413025
9457,38.9246,-77.0452
8973,44.7334,-93.4068
9320,42.4609,-83.6639
9486,40.084244,-75.499794
9464,30.3368,-87.3526
9453,41.396126,-71.998962
8942,18.1352,-66.126
9316,43.0132,-76.0186
9382,35.143997,-106.686775
9351,41.0499,-72.3641
4354,42.5178,-70.8599
11042,29.980509,-99.099342
11340,44.5576,-123.361
11187,32.214832,-95.916245
10822,38.371372,-122.533546
11066,35.1528,-120.6644
11273,37.40242,-121.931335
11089,30.093,-93.7524
10843,50.712879,-119.265213
10849,33.674831,-116.263191
11306,39.509785,-119.82135
11299,35.344795,-105.431419
11337,41.158245,-73.319939
11177,32.7906,-117.0794
11252,38.103519,-122.566238
10781,34.250053,-117.200493
9726,32.467297,-106.899811
11223,30.521648,-97.779655
11146,38.890087,-121.315704
10954,32.5196,-94.7972
11087,41.4706,-96.0478
11120,32.284794,-111.087242
11067,47.5726,-122.2476
11127,29.5799,-95.6085
10846,37.5092,-122.467
11032,47.656,-121.9772
11176,38.847054,-94.69017
10190,31.091618,-97.457603
10936,54.5128,-128.6136
11137,44.862614,-92.818367
11208,33.746418,-93.491096
10832,39.237915,-94.393166
11141,32.4434,-90.1688
11314,32.201538,-80.881439
10626,33.014168,-117.04203
11119,50.7141,-119.2591
10862,33.6272,-117.8526
10910,30.300673,-95.804031
11108,37.572472,-122.066971
10869,35.846092,-78.718147
11193,33.0498,-96.8142
10657,29.8144,-98.4528
11075,35.503868,-97.531464
10710,30.214338,-95.560585
10792,64.8718,-147.8966
10820,30.556648,-98.400223
10956,40.2004,-105.1164
10982,37.7667,-122.2187
11244,37.328815,-121.935402
11253,39.9846,-105.1118
10981,35.6618,-78.3692
10788,47.8075,-122.5097
11148,40.006855,-105.207085
10908,30.489603,-97.766304
10818,29.8484,-98.7642
10831,42.761238,-87.789688
10661,33.542423,-117.71785
10737,17.1586,-88.675
11353,30.443647,-84.181313
10732,44.954922,-93.629112
10745,38.88258,-120.833351
10682,48.771729,-122.51725
11213,36.022236,-95.920448
11072,41.845119,-94.045738
10900,29.621584,-95.622871
11360,43.697018,-87.708565
11162,31.3961,-110.2406
11105,47.256088,-122.210464
10974,38.843826,-94.768005
10933,35.258976,-78.96505
11298,35.082577,-106.488808
11254,26.899147,-82.0858
11013,39.212177,-121.044594
11128,38.1892,-120.4516
10572,42.5191,-92.4057
10747,37.532787,-122.052811
11080,28.532003,-81.583344
10938,39.736382,-105.043167
11352,45.401745,-72.183525
10983,36.1271,-86.7738
10658,42.3732,-83.491
10742,37.330357,-121.921249
11033,36.102974,-86.846558
10951,33.822529,-111.955513
11188,37.916,-84.383
10671,41.743778,-85.982391
11307,48.210674,-120.127251
11136,27.462919,-82.523354
11355,35.982594,-84.104805
11261,42.0537,-93.6336
10596,42.431492,-71.212471
11059,29.959908,-98.076233
10606,39.503719,-84.709175
10863,29.087807,-81.311768
10675,38.758057,-77.570633
11101,42.643578,-95.214439
11031,45.4966,-122.7352
11196,36.2672,-86.4692
10733,15.3606,-90.3596
10865,26.5594,-81.8188
10932,32.943378,-96.597809
10693,25.736877,-80.235237
11199,41.163,-96.1436
10565,32.9218,-80.598
11063,33.600262,-79.011795
11069,36.011,-95.8978
11234,27.359171,-80.299156
11145,35.997807,-86.143532
11107,40.084885,-83.007568
10746,39.185951,-86.26252
11118,33.4472,-97.8966
10718,39.264496,-84.630798
10672,32.592911,-84.930031
10748,33.8148,-118.0868
10924,35.8456,-86.3902
11010,38.0233,-84.4998
11362,44.519451,-89.28318
11241,36.499325,-77.945663
11184,35.5332,-82.514
11012,37.321,-121.911
10674,45.8824,-95.4448
11057,27.8866,-81.8352
11082,35.166424,-85.307793
10581,38.904865,-77.247902
10897,43.094231,-89.495277
11009,35.966251,-79.363007
11171,41.9354,-84.6936
11002,27.60095,-80.416283
11000,40.648781,-82.23542
11258,29.5764,-98.5062
11131,29.6924,-95.513
11211,30.0186,-96.934
11311,37.035629,-80.498413
10577,45.948761,-91.429909
10944,38.971,-77.5442
11174,40.573,-74.704
11221,35.638077,-82.519745
11222,35.983341,-78.929916
11358,39.694283,-75.378677
10570,41.205658,-81.496368
10988,41.7169,-83.7287
11296,43.108639,-80.284462
10607,27.640535,-80.435814
11289,35.728752,-81.650925
10690,47.90361,-97.014496
11288,42.854652,-87.897873
11276,35.536564,-80.629692
11025,35.9145,-82.0748
10975,39.9755,-75.6169
10984,38.728,-77.2774
11005,42.9612,-81.3389
11186,33.3054,-86.8132
11257,36.422668,-94.219452
11091,42.873,-88.4374
10663,39.776848,-83.993034
10771,40.0902,-75.6338
11017,29.3486,-82.3554
11333,38.0366,-122.5472
11094,40.966335,-72.14238
11018,38.896,-77.2376
11308,40.018871,-76.77726
10887,25.294569,-80.291817
11030,41.148239,-85.077873
10896,33.12077,-96.884766
11028,43.2919,-80.451
11256,38.380573,-82.067558
10868,30.107517,-97.868935
10962,44.975845,-85.655998
10734,44.87661,-78.392227
10666,38.9254,-77.0424
10912,43.4692,-80.4836
10901,46.1027,-64.7797
11209,45.004898,-76.264297
11297,49.4982,-119.6144
11169,49.3674,-121.4768
10814,40.0508,-76.324
11354,42.348099,-71.216797
10790,22.174915,-159.434372
10384,45.525,-122.8443
11357,44.722134,-70.048805
11324,32.626,-80.1382
11023,42.045139,-72.363457
10605,39.641113,-76.327126
11214,42.4588,-71.1938
10971,39.2704,-76.784
11287,42.1082,-73.5412
11190,40.3061,-75.1483
11339,35.6394,-82.5578
10854,47.7924,-122.1362
11129,42.1068,-71.2088
10662,42.1792,-71.1734
11266,41.6809,-86.2022
11109,46.316441,-119.269241
10934,37.654652,-120.931465
11015,48.7574,-64.3914
9587,40.941,-72.906
11007,47.5046,-122.6972
10754,37.7548,-122.4598
11189,42.749733,-78.534866
11081,39.6038,-85.9062
11034,42.9985,-73.9995
11220,45.282616,-73.24086
11259,35.02002,-85.252663
10680,8.761487,-82.44352
10874,32.253803,-80.724548
10828,42.9518,-78.8292
10978,30.116192,-97.818619
10866,51.120178,-103.335838
11003,40.3302,-74.3074
11064,44.436569,-122.704002
11346,42.1856,-71.4648
11133,33.997,-117.7325
10604,25.7384,-80.2432
11212,42.5108,-83.8352
11116,36.3784,-93.7624
11008,37.8816,-122.2732
9944,41.92,-74.0136
10735,33.150002,-100.226044
11290,39.766449,-75.515457
11309,42.972034,-85.454857
11338,32.602432,-80.088463
11071,39.837284,-75.079231
11035,37.367,-121.807
11283,29.5242,-98.63
10757,20.007099,-155.809006
10741,30.436058,-91.072556
11100,29.773966,-94.846985
11327,30.350676,-97.772018
11210,35.717751,-106.007713
9606,42.9612,-88.3594
11319,43.03109,-89.424492
11235,42.4578,-79.2326
11334,42.1556,-71.7974
11269,38.903084,-83.416374
11310,38.8978,-77.2885
9607,42.9641,-88.3599
11191,30.358303,-90.066818
11274,39.869473,-74.927689
10700,39.798019,-75.659866
11079,40.984692,-81.317818
11039,40.0626,-74.9486
11062,41.811825,-87.878677
10839,38.260086,-85.67215
10739,40.736233,-74.00531
11194,45.750412,-122.576187
11230,33.8065,-84.3922
10664,40.4904,-105.0882
11279,42.9642,-71.5626
10601,36.7787,-75.9834
11068,37.398899,-122.214371
11029,40.9378,-80.2774
11255,40.486408,-80.012604
10776,29.8228,-81.314
11090,39.6548,-76.173
10659,40.230015,-123.825882
10633,35.394569,-82.291855
11026,32.327644,-80.903374
10830,32.8904,-96.8044
11281,33.069462,-97.12149
11160,30.0223,-95.8309
11247,38.008236,-122.120087
11263,43.059837,-89.454742
10800,43.006,-81.268
11282,51.872952,-114.144936
11292,37.8524,-122.264
11278,38.3456,-122.691902
10755,38.426861,-122.692062
826,38.0958,-122.2276
10945,39.19331,-83.2024
11268,38.138626,-78.677864
11260,37.875206,-121.858383
10842,33.429184,-81.819084
11262,40.647972,-79.739937
9566,14.7548,-90.9858
11125,30.070948,-95.680527
11043,39.021507,-94.368881
10851,27.251841,-80.461655
11270,39.319378,-84.656143
11092,40.908298,-97.091301
11167,42.3481,-71.2169
10795,33.096958,-116.605865
11243,37.945393,-122.527061
11102,43.987633,-69.710045
11096,34.7532,-84.2584
10985,46.800983,-92.080437
11073,29.1061,-82.103897
10819,40.093361,-75.684547
11083,50.9306,-114.0853
11098,35.6104,-78.5318
11088,41.3643,-71.9276
10877,38.9418,-77.2064
11218,30.303183,-93.170753
10660,47.489548,-122.519707
10728,28.100693,-80.617981
11198,36.9684,-121.8856
11200,34.061199,-84.450699
10855,43.039295,-87.907143
11195,44.801872,-93.138718
10946,40.5933,-89.114
10931,37.526997,-122.51548
10698,43.8244,-79.0299
10587,37.8492,-76.2513
11144,32.8784,-96.4758
11172,47.427731,-122.469955
10833,39.2074,-106.948
11061,39.892254,-75.656006
11060,39.086498,-77.582169
11147,49.896221,-125.251648
11156,37.2552,-76.7894
10979,28.8406,-82.3144
10769,26.577652,-81.826233
10779,30.4759,-84.0887
11142,41.533436,-90.540497
11085,33.754921,-112.34198
10629,39.41917,-77.302628
11123,38.756844,-77.290863
11019,38.352348,-122.817207
10955,34.350182,-83.870941
2679,38.608913,-106.099983
11121,35.3336,-120.828
3629,29.6334,-95.668
11097,47.737045,-121.962494
11004,25.75765,-80.388313
10986,47.5916,-122.0954
11086,30.38139,-97.75338
11103,41.825397,-80.960785
10721,43.737217,-79.207779
1679,37.7083,-122.09
10999,31.935596,-81.285408
10898,46.5264,-114.1142
11058,39.976593,-105.177338
11049,42.436481,-76.377586
10997,40.948616,-73.047768
10963,41.1576,-81.6339
11065,39.891087,-86.151352
11046,19.2884,-81.3268
11022,42.3924,-72.7566
10649,42.3246,-85.418
11024,49.656151,-112.772774
10668,44.677876,-123.21534
10848,37.512,-122.4646
10623,47.813,-122.3724
10968,26.718,-80.0989
10957,44.151199,-121.287598
10702,33.7869,-84.3428
10888,40.330269,-76.515732
10977,32.960976,-117.256844
11006,37.9732,-84.8292
10959,39.993618,-75.301956
10987,61.583988,-149.352203
11001,39.205105,-123.279716
2396,36.961357,-121.828484
10958,38.9703,-76.4756
10793,30.213749,-97.827408
10972,35.5397,-82.5246
10777,36.2418,-115.1726
10926,41.59766,-87.036957
10677,32.858101,-96.9627
10530,50.718,-120.4902
10729,42.449883,-83.662773
10965,47.6924,-122.3649
10973,42.2589,-70.8735
10947,28.6378,-81.2918
10937,48.966335,-122.790665
10752,47.6604,-122.4158
10929,47.393215,-122.515068
10930,38.306263,-78.808472
10850,32.2996,-110.8294
10940,26.446463,-82.066292
10864,40.438206,-86.915733
10825,30.267,-97.7477
3154,39.5484,-107.3178
10789,34.637585,-120.113533
10784,39.4524,-105.4606
10753,37.992092,-84.407387
10786,8.7615,-82.4437
10775,43.4754,-72.575
10621,39.0354,-76.484
2284,31.013651,-97.997017
10750,33.477901,-112.076103
10740,38.6472,-90.6212
10696,40.781643,-89.97506
10582,43.644756,-79.899055
10632,30.365742,-97.687683
10620,35.149071,-82.957268
2002,30.497194,-92.072571
10609,42.505215,-71.590775
10622,35.923149,-79.025932
10695,26.665674,-80.239326
10634,42.472065,-91.129608
10653,43.1958,-79.2046
10040,39.727,-85.7408
10617,41.7066,-71.5386
10625,20.4888,-87.2454
10583,45.513206,-122.752502
10600,44.821918,-66.990028
11376,40.356,-74.0008
11473,55.213657,-127.712013
11601,49.2406,-124.145
11946,38.892,-94.8062
11891,33.579,-111.9432
11381,37.338955,-122.002296
11535,34.291172,-118.707123
11374,32.331413,-110.960609
11654,35.413208,-94.898018
11600,37.860748,-122.287857
11873,33.912685,-116.953453
11944,36.225533,-86.707245
11405,35.789,-86.5122
11444,38.110134,-122.870529
11717,47.68858,-122.183708
11527,50.4914,-99.8096
11893,36.7718,-119.7236
11774,36.794,-119.765
11390,37.644421,-121.797745
11748,40.1453,-105.1663
11573,37.8083,-122.2006
11816,29.886366,-97.945877
11667,34.715668,-120.457649
11576,37.875702,-122.454933
11526,33.81126,-111.914383
11651,30.1286,-96.1048
11512,45.497295,-122.692665
11722,33.540489,-112.08596
11380,35.720615,-106.0709
11485,39.695492,-105.066284
11918,32.768467,-97.376175
11848,36.0696,-84.216
11716,36.07,-94.1298
11489,47.8685,-122.2317
11595,42.113903,-83.401031
11907,35.702808,-97.445602
11364,32.642,-95.332
11908,34.15329,-118.52169
11387,38.143616,-120.464767
11754,39.971622,-86.262733
11771,36.497017,-121.744621
11500,41.1792,-105.5602
11653,46.265965,-118.158257
11904,37.9082,-122.0409
11810,50.646,-120.3505
11920,47.6088,-122.1482
11729,45.4122,-122.645
11779,41.2702,-95.851
11410,39.6028,-104.7824
11476,39.234417,-94.668976
11638,37.9176,-122.2822
11868,29.8772,-95.6938
11888,38.427959,-77.620148
11733,38.385,-123.0768
11589,33.4178,-97.6866
11572,40.957619,-73.691399
11657,47.899841,-122.016098
11464,47.6688,-121.8702
11697,37.945038,-122.503876
11882,35.0752,-85.3082
11881,33.401,-86.7176
11731,39.0754,-94.5829
11407,43.1654,-87.9006
11814,33.882072,-83.871284
11724,35.961231,-78.481743
11446,38.964882,-92.398911
11939,34.16605,-118.124619
11715,30.5474,-84.2828
11391,34.850796,-84.417458
11522,36.088,-94.1218
11537,40.019016,-83.195892
11558,33.05666,-98.338661
11867,39.673447,-105.105598
11831,45.4454,-122.8313
11495,33.145081,-97.071175
3664,42.3182,-83.7888
11498,42.215897,-88.369652
11670,40.657982,-73.559311
11801,33.3386,-105.5714
11409,39.011242,-94.690048
11493,33.801048,-84.337822
11938,47.6796,-122.5185
11656,28.385675,-80.694809
11784,37.2188,-121.8766
11887,37.504215,-122.288139
11447,34.041523,-117.160454
9168,33.9326,-84.685
11838,40.8408,-96.7317
11401,35.957073,-97.590866
11635,35.1002,-89.8086
11829,39.1393,-76.5228
2934,20.923393,-156.695221
11942,40.575848,-105.070892
11905,34.026779,-84.307961
11790,52.735584,-106.924438
11842,50.138962,-97.331131
11683,37.1478,-76.5698
11531,40.1766,-104.9622
11694,49.2729,-123.2073
11802,35.572647,-82.60611
11847,43.3625,-89.5754
11652,38.428562,-77.619957
11280,35.973545,-86.753609
11510,33.9646,-84.7321
11886,32.897755,-96.834175
11709,35.141,-106.711
11530,35.941803,-78.614319
11809,38.3573,-75.6779
11546,39.482029,-77.345573
11768,48.938538,-122.796715
11378,40.432,-79.8893
11599,39.6954,-79.8626
11596,35.9753,-79.0641
11312,40.3716,-75.2974
101,37.7383,-122.4556
11747,36.7278,-77.0682
11497,37.847,-122.2986
11736,39.61195,-75.976524
11770,40.8644,-76.7988
11502,8.9948,-79.523
11845,35.95649,-83.653061
11797,41.0194,-73.7326
11388,39.034286,-77.489395
11628,34.716766,-83.672653
11528,39.998993,-76.371559
11363,40.005581,-75.341049
11643,36.86425,-75.991417
11629,42.870064,-91.072411
11566,41.6013,-81.4048
11833,30.8471,-83.283
11765,40.7255,-73.9401
11941,40.7795,-96.6956
11793,42.006622,-70.759674
11734,30.3533,-81.5053
11671,39.121124,-77.614761
11808,34.8324,-92.0019
11826,44.369995,-73.048462
11634,42.052513,-71.145538
11753,46.021,-74.1696
11746,42.417473,-71.296249
11935,42.560036,-82.943787
11559,42.426666,-71.163246
11912,28.93,-82.44
11499,44.085,-78.0098
11662,39.401707,-76.955055
11562,44.39275,-75.476738
11787,42.837055,-71.052635
11800,42.1188,-88.2926
11490,42.737114,-71.340355
11402,60.9552,-149.1522
11397,34.454563,-119.822487
11915,30.083807,-97.833061
11649,41.3174,-95.87
11943,30.101578,-93.750885
11394,43.836987,-79.468697
11917,38.863316,-104.488785
11830,27.7816,-82.6424
11574,43.9259,-78.7801
11708,34.8696,-111.7918
11641,43.474892,-80.11718
11798,41.879826,-70.598122
11851,44.388981,-68.34626
11563,39.0146,-78.4078
11762,41.002,-75.5646
11399,45.2076,-79.2791
11173,61.622158,-149.68309
11551,41.26033,-73.557716
11823,38.8638,-77.4526
11569,43.3195,-81.7605
11894,33.062717,-96.682724
11865,36.389,-94.1754
11650,34.7596,-82.9618
11760,42.263557,-71.825729
11594,27.4768,-82.7034
11822,44.1494,-76.9508
11735,26.563828,-81.982834
11782,41.2989,-96.1151
11803,39.454247,-77.298698
11811,48.625599,-122.806198
11890,38.325352,-122.334038
11687,32.739807,-97.374718
11914,52.7396,-107.347
1478,46.369236,-82.669479
11395,40.742722,-73.085625
11677,41.10564,-76.649109
11872,35.785198,-78.861969
11866,42.4288,-71.1276
11463,34.916172,-82.215431
11404,40.210396,-82.771645
11911,34.1533,-118.5215
11586,40.883389,-123.995995
11852,34.0341,-84.3864
11679,34.183,-118.4796
11769,27.7117,-82.657204
11876,28.6373,-96.458
11723,37.526928,-122.515511
11398,38.904,-94.6482
11711,42.1538,-88.3098
11567,37.451504,-77.67263
11849,44.7314,-91.436
11597,47.483204,-122.303322
11321,42.96,-88.3576
11322,42.96,-88.3606
11320,42.9612,-88.3592
11665,44.3802,-78.5082
11323,42.9649,-88.3631
11792,45.172569,-75.49202
11856,43.173294,-87.96006
11883,34.029472,-84.350189
11789,34.5426,-93.573
11630,49.2552,-123.124
11737,41.745674,-75.620369
11817,40.008209,-75.257286
11452,40.5489,-105.0572
11718,30.6496,-96.2877
11732,38.7684,-77.2802
11467,41.6118,-93.6746
11741,29.5947,-82.4299
11487,42.51162,-83.30954
11815,30.7209,-95.8745
11678,41.809162,-74.829994
11379,37.2031,-93.2082
11745,34.883137,-111.826225
11855,43.68787,-79.380157
11604,38.6136,-121.5576
11373,43.624199,-84.244698
11825,38.2198,-121.7858
11501,42.7405,-70.7971
11584,43.8316,-71.3664
11837,41.924999,-87.976585
11827,41.40213,-72.534607
11828,30.539429,-97.782379
11776,30.1528,-95.674
11739,26.69499,-82.148026
11766,30.252985,-98.872185
10673,35.267269,-111.492027
11491,40.04007,-83.001732
11807,49.001991,-95.250473
11631,42.3382,-75.742
11772,45.044506,-122.656929
11796,44.394,-80.5324
11799,48.41803,-123.322716
11603,30.2438,-95.5108
11343,39.1442,-123.1722
11794,25.7628,-80.1348
11587,30.149099,-99.1912
11805,41.257557,-73.368378
11777,37.534077,-122.074356
11550,40.030827,-75.746391
11170,26.1781,-98.2173
11590,46.671471,-71.425911
11701,30.2466,-81.5396
11773,33.5092,-112.0124
11685,26.907938,-80.168762
3010,39.393433,-76.984428
11672,29.051012,-95.565025
11684,39.88,-75.6474
11605,49.064327,-118.21537
11661,35.1038,-80.7369
11647,39.2486,-84.339
11554,-0.0035,0.003
11369,29.851574,-98.265648
11548,38.103516,-121.288475
11688,30.530241,-87.899193
11689,49.446995,-124.702629
11511,38.5728,-85.9566
11564,30.05793,-95.645676
11699,30.369156,-97.824516
11705,26.835228,-81.999908
11371,43.109337,-77.567307
11669,41.3099,-95.8566
11640,35.974014,-85.425552
11691,45.5186,-72.5
11642,30.7447,-98.3613
11663,27.863899,-82.165802
11696,51.29982,-117.056732
11695,39.2566,-106.9128
11690,27.4818,-80.297401
11692,42.369862,-71.50119
11645,27.1423,-80.1881
11598,49.663586,-112.807625
11588,30.6584,-96.3133
11582,30.4558,-91.0526
11507,47.564667,-122.104973
11106,33.8067,-118.0871
11536,40.410168,-77.315781
11514,35.234581,-89.72953
11382,35.555,-81.9022
11523,39.9412,-86.110603
1284,42.4223,-76.45
11462,27.9568,-82.49
11389,44.947601,-93.514023
11342,44.5989,-123.4165
11400,40.1304,-75.1102
11459,41.6378,-72.1073
11451,42.9246,-89.197
10964,37.342144,-121.869041
453,35.0627,-77.0795
11161,42.2874,-83.7444
12344,44.925381,-116.083481
12022,30.3076,-97.473
12396,33.5524,-111.912
12196,36.8832,-80.2494
12448,34.8951,-82.2854
12152,31.52809,-97.214828
12347,29.7812,-95.76
12390,30.121824,-97.82798
12297,35.44405,-82.580193
12115,43.82299,-69.602768
12437,37.015152,-88.333763
12062,47.841076,-122.314117
12138,30.11223,-98.648605
12078,36.124886,-82.100777
12067,42.690044,-71.684448
12001,33.373371,-112.108124
11964,30.3034,-95.5577
11947,34.8586,-111.7588
12470,40.7794,-96.6468
12092,25.713573,-80.298714
12026,44.8006,-91.4434
12128,32.434708,-110.966515
12288,39.0968,-76.4673
12364,44.9279,-93.3222
12065,34.711514,-82.875359
12209,38.566097,-90.454063
12122,44.4732,-89.5339
12160,45.400051,-122.253418
12246,42.198555,-88.209702
12042,43.322468,-87.955238
12108,34.8388,-111.8788
12153,47.130775,-88.401848
12482,37.6522,-120.9819
12304,40.0788,-83.119
12066,39.007534,-105.343941
12162,44.764317,-93.173294
12457,36.5801,-86.5141
11983,47.504971,-94.063255
12061,43.928143,-79.698242
12399,49.6809,-124.8989
12214,53.255508,-105.761917
12230,27.767326,-98.052368
11960,43.015163,-88.145996
11940,35.2802,-82.0805
12231,40.51614,-83.902901
11561,42.871,-88.2176
12154,39.895695,-85.966431
10402,45.353985,-75.349205
12239,45.5469,-122.663
12080,33.8498,-116.5571
11919,43.506172,-80.233505
12023,40.5075,-78.0865
12252,39.2727,-76.1647
12491,36.5259,-82.5221
12331,29.630436,-95.792961
12127,30.131083,-95.48613
12003,41.3506,-73.9032
11971,33.1298,-117.073
12044,42.967602,-85.643494
12375,37.659897,-121.85347
12443,33.8479,-116.5361
12479,33.221088,-111.829018
12019,41.3266,-79.1978
12388,39.081154,-77.512344
12140,34.270294,-89.701645
12020,40.455338,-74.440788
12301,43.28,-80.392
12251,47.6706,-122.1712
11549,42.5558,-88.0202
12000,42.749794,-73.894333
12024,41.1684,-73.8498
12259,43.337,-70.943
12434,37.4365,-77.4807
12282,35.3936,-80.7448
12358,38.4476,-78.8698
12245,38.9262,-76.5494
12417,41.247,-77.2706
12422,42.4568,-71.3866
11961,45.050598,-87.658249
12452,27.396257,-82.48069
12136,43.2342,-86.2484
12090,38.53,-121.9826
12101,38.991936,-74.943413
12218,43.0553,-88.0223
12074,30.155609,-81.699478
12361,39.9845,-75.586
12215,39.955402,-104.915527
12234,36.8477,-76.0997
12063,46.271873,-81.891357
12393,49.2391,-122.8531
12014,45.538929,-65.838776
12261,35.781,-105.8798
12157,41.964115,-72.679817
12178,40.6172,-105.0412
12143,44.866352,-76.516663
12244,30.208704,-81.50087
12195,48.364254,-89.532478
9940,42.305756,-72.408981
12342,42.6179,-70.8774
12189,42.3391,-71.6469
12287,40.862411,-73.176178
12064,35.543957,-97.678329
12155,34.642345,-118.238876
12132,41.016262,-74.371849
12191,42.010048,-71.144424
12480,42.854076,-77.28894
11987,49.3382,-123.1866
12126,38.8432,-77.274
11948,43.299904,-70.655128
12362,45.4832,-76.0858
12199,40.652336,-78.242447
11953,42.5287,-71.2219
12346,45.2819,-75.8471
12225,39.189774,-77.175583
12161,8.7923,-82.648499
11985,40.741665,-74.273361
12423,39.0045,-77.5233
12159,40.082,-75.1275
12170,29.352205,-81.070183
12332,41.7373,-77.3054
12330,45.594723,-65.620911
12249,53.1874,-112.3732
12284,27.5026,-82.574898
12433,33.080742,-96.549118
12286,-0.0023,0.0036
12047,35.1934,-117.8835
12300,50.7033,-119.2683
12315,43.0477,-88.004
12450,45.567028,-122.619797
12424,23.2516,-106.4242
11998,28.177813,-80.604355
12040,45.513222,-122.631035
12475,40.633144,-74.319283
12049,41.4115,-81.9225
12094,62.20015,-134.395386
12467,41.796421,-72.436256
12158,33.686,-80.8518
12401,35.8856,-78.7328
11962,39.24612,-104.980484
12384,33.0754,-117.0836
12117,47.4897,-122.2269
12474,41.764202,-91.609497
11725,49.3476,-123.0671
12241,42.2897,-83.255
12397,46.9246,-96.7878
12232,19.717,-155.0817
12039,58.6152,-94.1141
12455,47.705,-122.2052
12070,49.28883,-124.145493
12476,41.7541,-72.3737
12324,42.8046,-118.8676
12043,29.168907,-81.523338
12135,42.6061,-83.9273
12468,37.151062,-75.974564
1574,34.9535,-85.1988
12253,42.420101,-71.167397
12456,32.9248,-96.7014
12314,38.45554,-122.807327
12350,29.503922,-98.88636
12463,42.707443,-78.73053
12004,26.6524,-81.9303
12409,41.359234,-71.975578
12093,35.875679,-79.557335
12264,37.8166,-78.7711
12303,26.456415,-82.049156
12440,41.500065,-87.063354
12277,42.2194,-85.6586
12351,23.2366,-106.4062
12185,39.807392,-84.970078
10434,39.111683,-84.371796
12276,35.217705,-85.616844
11668,39.9748,-105.1673
12048,30.1013,-93.751
11969,41.185,-95.9726
12442,37.526943,-122.515587
12441,37.526909,-122.51561
12106,45.445858,-74.192734
12421,43.947601,-70.465378
12208,36.390594,-94.171082
12381,38.900616,-94.640564
12420,37.8586,-94.0075
12145,39.4429,-79.9996
12371,40.0394,-76.8437
12370,37.8628,-122.2375
12295,42.653,-82.9676
12379,41.057487,-124.14035
12289,32.9964,-116.8347
11646,38.9218,-90.2202
12247,30.245,-97.9104
12171,37.269825,-121.807976
12002,37.381733,-121.738632
12380,37.464588,-122.169258
12269,38.0739,-102.9325
12273,33.429066,-84.694359
12378,33.5496,-101.6838
12317,43.073082,-70.775955
12372,37.6668,-97.474
12359,40.5974,-111.8314
12177,44.9777,-93.265
12130,47.156792,-120.935371
12349,33.285,-96.7532
12343,40.977047,-72.690758
12021,41.0706,-74.2672
2262,37.896,-122.5202
12306,38.9232,-77.041
12240,42.4052,-71.1602
12212,42.4572,-83.1252
12176,47.550743,-122.274246
12302,40.803493,-72.749374
12275,38.210926,-121.243721
12124,35.691948,-82.644531
12255,43.0371,-89.3932
547,35.8081,-78.6641
12205,41.772511,-73.906204
12274,44.750477,-93.196068
12156,43.35318,-70.451363
12256,29.738537,-95.622025
11372,38.872734,-94.704124
12271,37.5713,-105.1208
12211,40.0057,-75.257
12238,45.388775,-75.829758
12242,42.41,-71.1422
12163,38.790005,-121.161125
12087,38.556664,-121.785042
11607,44.6058,-75.1738
3398,42.4622,-71.0664
11783,42.3022,-88.3114
12213,38.4013,-121.4639
11958,35.853699,-84.104675
12224,38.1153,-84.8817
12219,38.3174,-81.6412
10088,44.946,-93.4876
12190,37.901791,-121.729118
12005,47.203,-120.761
11751,19.281031,-81.39183
12007,40.5234,-105.1064
12084,41.643826,-81.380424
12129,30.773659,-90.147522
12131,34.1258,-118.356
12018,40.6773,-80.6633
12099,26.961164,-80.104752
12116,31.0916,-97.4578
12104,38.651466,-77.410561
12082,35.942055,-106.086296
12025,29.682501,-82.360603
11996,30.4293,-97.7207
12037,39.695,-75.3795
11902,35.595562,-97.610909
11956,37.0708,-76.2992
11993,10.5407,-83.7475
11466,36.8633,-87.484802
11963,35.911472,-87.008057
11954,33.808403,-84.127106
12619,33.646564,-84.90139
13173,48.4825,-123.0368
13271,42.7891,-71.339
13328,33.8717,-84.1039
1529,45.4331,-72.7012
12545,35.998772,-83.816414
12826,33.080566,-97.64534
12914,39.668407,-104.906395
12634,33.4956,-88.8164
13130,42.888851,-70.858147
12937,33.951317,-84.628616
12948,32.348,-111.0202
13094,38.7424,-77.7981
13389,37.418201,-122.190483
13309,40.9185,-76.8689
13142,37.425686,-79.241676
13393,44.380589,-89.815315
13134,49.7784,-97.1824
13190,41.561436,-72.681671
13386,45.4758,-75.5434
12859,29.49762,-98.49588
12496,34.188046,-118.565193
13139,40.26041,-83.154724
13116,41.380203,-73.188652
12878,38.593712,-76.041626
12531,35.922699,-86.753403
13092,42.4444,-76.4926
5639,55.328533,-131.61232
13106,26.1876,-81.514
13347,39.939812,-74.377686
12679,34.783,-111.7796
13108,33.241936,-86.698448
107,49.2148,-119.808
13014,42.472473,-73.792206
13194,38.743526,-77.796875
13259,42.352337,-71.399261
12547,43.8626,-103.3074
12861,42.613392,-83.12442
12666,34.021893,-80.970253
13358,35.983318,-80.087578
12761,38.8582,-77.3209
13335,41.328407,-81.423981
12580,39.599609,-84.166946
13196,40.473282,-84.353096
12986,38.147984,-107.758987
13113,40.257439,-75.417587
12642,41.840908,-85.053642
12749,34.202621,-85.149643
12781,33.128479,-100.167923
13284,38.6521,-77.9538
13157,46.763,-71.3486
13193,44.7618,-93.1854
13233,32.942902,-96.795181
13240,35.718941,-78.780579
12981,42.2826,-71.8123
13051,44.5482,-88.1613
13171,42.4338,-73.5208
13249,40.530701,-75.058998
12856,37.573185,-77.501228
12755,44.737389,-73.162903
12570,42.521168,-92.409798
12968,42.330399,-71.374199
12610,34.290157,-77.83522
12798,43.071613,-70.75238
12864,37.8668,-122.0978
13401,39.936127,-105.070831
13075,44.990429,-94.346588
12785,49.862213,-97.251266
13111,42.0914,-76.0552
13379,37.875702,-120.168816
12595,33.9192,-84.5936
12571,43.2294,-75.3306
13018,43.34428,-87.895149
12764,34.827702,-86.488945
12983,42.002228,-88.673424
12763,42.332,-71.0374
12548,35.826561,-78.718758
13176,47.169243,-122.57943
13191,40.488983,-86.885887
12978,30.53,-90.097
13122,31.54081,-94.579201
12805,37.918503,-83.686333
12711,37.206,-107.976
13307,38.8048,-77.0469
13080,42.992451,-88.063683
12840,38.109344,-122.574776
12883,29.8098,-99.4198
12860,30.722027,-95.87484
12602,43.694302,-80.249481
13133,40.8615,-79.8883
12710,43.8948,-121.446
13337,42.577362,-83.81012
12581,38.921,-77.2471
12716,38.771626,-77.128868
13136,32.2699,-111.0366
12627,40.0792,-82.9117
12576,28.31292,-80.678864
13359,41.676136,-70.014053
12649,41.643253,-71.428551
12909,45.3486,-93.406
12702,39.2608,-86.6334
12867,39.216949,-76.722923
13185,42.933842,-88.055931
12965,41.736145,-86.203438
12811,44.982105,-123.035942
13058,41.575153,-93.672516
12994,36.12249,-115.343582
12652,48.9367,-122.4576
13329,39.3283,-76.6236
12641,42.884998,-79.106125
12662,43.964203,-78.00544
12745,41.292721,-81.61219
13228,40.459499,-78.37262
12784,39.858665,-105.157913
12929,34.963,-82.326
13030,53.346123,-117.653152
12708,43.890678,-69.657516
13308,29.4812,-95.175
12886,44.252,-121.316
12552,35.357277,-105.474312
13163,44.709244,-75.518005
12779,33.520882,-86.76368
12623,40.476864,-75.071808
13217,42.18631,-76.78614
12675,30.034151,-95.208366
12900,40.9584,-74.3256
13036,48.06324,-77.906143
12683,37.9018,-122.4906
13333,38.76947,-77.397408
13214,44.541447,-68.809265
12980,40.01,-86.01
12698,40.7624,-96.7172
13372,47.866,-122.2987
12572,40.677185,-80.663223
13241,42.709446,-74.113441
13394,41.177212,-77.109909
13079,26.1138,-97.313
13265,44.257362,-121.196236
12668,27.8976,-82.8054
13021,50.023159,-96.794334
13175,29.269634,-81.145203
13395,32.250301,-110.945
177,44.9863,-92.7278
13398,33.748158,-117.768799
12712,44.8424,-93.4722
12579,39.124485,-77.066505
12753,49.344509,-97.359383
12646,39.500893,-81.250748
12756,40.728958,-111.862015
13404,37.761929,-122.230919
12733,45.721561,-121.438354
12560,42.090321,-87.70504
13022,30.078844,-97.996681
13091,37.993504,-122.454887
13042,39.556644,-86.186134
13262,32.423756,-93.733025
12551,28.8638,-97.005
13318,41.300957,-76.998917
13145,33.1258,-117.2288
13387,41.051285,-72.350266
12776,42.6248,-82.9216
12949,40.524803,-121.68586
13392,35.576988,-82.397896
12583,39.2714,-76.9408
13390,45.674496,-111.054008
12809,59.937,-151.7306
12742,40.410664,-79.459045
12939,39.626656,-84.09079
13043,42.6077,-71.2559
13314,44.634457,-75.61306
12339,37.924702,-75.354568
12528,37.275326,-122.057503
12558,40.652534,-75.846939
12544,41.7112,-71.2896
12678,42.800518,-83.0298
12964,30.379299,-95.284103
13103,35.186413,-118.599457
12802,35.2572,-82.4524
12533,36.978821,-121.979179
13101,41.586861,-93.678604
12546,43.8599,-103.3055
12586,39.09631,-76.466736
13017,42.057,-79.3194
13291,41.6415,-83.5385
13121,42.3498,-88.2642
12815,47.639885,-122.304558
12669,41.322262,-88.94059
12549,41.3758,-81.9202
12904,42.749718,-83.867607
12603,41.605877,-90.335617
12801,41.307652,-73.911446
13274,43.3711,-89.5261
12588,42.37801,-71.24855
12728,43.868,-78.9668
12917,30.7118,-93.094
13213,41.29332,-81.609322
12955,30.628304,-97.948387
12600,38.623299,-78.244698
12635,39.625,-106.9458
12941,46.9086,-91.8984
12780,30.1344,-81.849
13268,40.1792,-75.0186
12992,39.000046,-76.536438
13117,38.5725,-121.4702
12818,38.1833,-85.7766
12934,44.062824,-73.256882
12593,37.3734,-118.4574
12969,42.160667,-75.877434
12611,30.4421,-91.1587
12953,37.921,-122.516
12796,37.909885,-78.341507
13107,42.451,-71.3368
12495,39.13023,-74.830917
13060,30.004595,-81.373909
12931,39.029,-82.8708
13344,42.454727,-71.139275
13402,41.402885,-80.835915
13026,42.611122,-88.427353
3689,34.8771,-77.9138
12875,40.822395,-77.594589
12573,43.681225,-79.379379
12942,45.54166,-122.588692
12556,29.023041,-95.442039
13310,42.256378,-85.836411
12729,29.5806,-96.6726
13405,41.364723,-79.270653
12604,53.4856,-113.5708
13258,38.964115,-77.083809
12913,37.2535,-107.9577
13188,36.8184,-121.7088
12844,40.0599,-75.587
13180,40.8676,-73.1005
12563,42.426826,-71.163094
13319,43.5133,-71.8353
13226,40.938,-89.407
13144,36.819023,-119.626892
12862,37.233204,-79.817482
13362,44.673283,-85.480705
12524,37.8032,-121.9858
12704,40.822483,-77.5951
12857,46.991,-122.7761
12717,35.777946,-78.839737
12903,42.496601,-77.110603
12514,48.7662,-123.2994
13005,39.047409,-76.50354
12709,44.339306,-75.466309
12884,39.0865,-104.803
12513,37.2046,-80.0711
13074,34.044022,-84.287033
12804,27.804714,-82.257271
12647,33.3534,-86.7528
13118,33.474499,-86.819191
13083,40.979404,-80.704666
12832,44.319508,-70.030373
13007,42.507473,-82.938805
13251,41.7518,-73.7742
12895,42.3085,-71.3546
13001,40.0606,-74.0806
13084,37.9764,-84.573
12687,43.6794,-79.4852
13137,41.336933,-79.250542
13172,30.1204,-97.8296
10325,42.851177,-71.639153
12685,49.6582,-112.834
13189,36.907734,-76.040527
13010,40.7284,-73.985
13297,46.3281,-123.6258
12814,37.703423,-122.096962
12845,38.6173,-90.3117
13166,39.383778,-77.168884
13057,28.0478,-82.5252
12797,42.451641,-85.692451
13138,42.166,-85.7712
12916,36.223648,-79.709511
12732,40.6133,-111.9287
13162,40.0704,-83.007
13371,37.875977,-122.467896
12626,27.398,-82.3238
12966,42.0468,-71.5312
12947,52.4258,-112.5628
9667,34.9644,-77.9477
13020,30.110561,-81.778603
12985,29.937952,-81.524277
12605,41.4184,-82.3623
12762,38.9073,-77.334
12582,33.133801,-96.936974
13015,37.450817,-122.155846
12559,43.88797,-70.292023
13334,45.903366,-74.538681
13349,40.3739,-86.3326
12786,60.004013,-111.865967
13082,32.580887,-84.731339
12550,43.4556,-70.5902
13024,25.6744,-80.3808
12750,33.9627,-84.2436
1475,43.0013,-81.3213
12835,39.7425,-105.098
13128,43.0016,-82.5572
13063,30.7898,-85.1683
13029,45.4898,-122.7797
12974,38.832,-90.7654
13315,43.1866,-76.2446
13367,34.111,-84.3025
12682,43.201302,-70.968033
13321,41.566422,-70.505791
13131,30.406528,-88.819427
12620,38.428673,-106.575027
13195,42.908279,-85.509834
13110,25.594025,-80.331657
12676,48.8476,-64.4962
13281,44.862686,-92.818405
13391,42.053463,-70.80835
13221,28.304983,-80.703285
13285,42.830372,-87.916771
12703,41.831936,-74.301468
13174,41.5735,-72.8493
13289,41.6602,-92.0118
13016,30.496828,-84.256836
12819,37.4178,-76.521
12748,41.813808,-70.983475
13200,46.118,-73.82
13364,42.225555,-84.073753
12477,38.942181,-77.566956
13369,41.861015,-88.403503
13383,29.754448,-95.555603
13089,36.247,-117.0756
13355,37.9902,-84.5094
12637,44.844501,-92.639801
12584,37.447502,-77.528763
12777,36.069046,-94.156578
12557,33.674915,-116.263344
12438,46.136032,-60.687878
13206,47.758,-122.0596
12991,36.187634,-115.335754
13227,35.515427,-83.03186
12894,40.477726,-88.968857
13104,43.646202,-84.20002
12863,41.1032,-81.4401
13331,38.334846,-85.604324
12946,44.876373,-92.770088
13199,32.0606,-81.075
13141,47.163815,-122.599533
13378,40.0498,-82.7424
13286,39.19474,-83.425888
12938,27.792089,-97.424393
12684,39.267353,-84.388977
12918,42.0654,-71.6996
12612,44.2323,-88.507896
12530,42.1986,-91.6543
12836,47.074352,-91.730293
13370,27.977901,-81.921211
13076,40.521919,-74.758156
13343,40.626293,-112.308319
13027,41.906261,-86.262367
12970,46.2533,-119.2417
13320,45.4564,-122.8472
13338,41.63171,-93.792519
13295,32.4258,-96.8332
13346,39.319351,-120.865013
11988,29.5688,-97.6424
13294,33.5052,-84.7292
13234,39.923828,-74.942719
13081,42.5518,-71.5098
13023,12.870013,-61.185223
12993,42.04406,-93.615578
13325,41.5586,-71.3508
13341,33.561001,-111.980103
13342,35.872906,-86.823799
11481,40.567139,-77.24118
13270,42.021713,-88.667084
12973,38.8321,-90.7652
12907,41.404434,-81.717133
12590,33.912857,-84.700356
13330,32.972775,-96.74102
13323,43.049,-87.9724
12976,42.8216,-71.4451
13360,37.7974,-122.4071
13316,30.0108,-95.4452
12648,39.920544,-83.111694
12744,35.7152,-78.9094
13088,36.510601,-116.822899
13229,41.0234,-73.6104
13298,44.93795,-93.130768
13077,38.862,-90.5492
13198,41.236557,-73.707481
13238,45.501896,-123.95813
12833,35.227085,-80.843124
12803,41.6735,-83.6615
13283,41.056923,-72.333908
13327,41.2998,-81.626
12963,41.507172,-73.268082
12046,29.826784,-98.37558
12961,43.131443,-77.986824
13085,36.50351,-116.870354
12568,39.128223,-76.682663
13218,39.763348,-90.306084
12842,37.96,-122.0576
13002,43.400673,-79.790024
13220,32.192421,-80.893051
13290,41.9248,-87.639
10614,44.396648,-68.713661
12692,38.815525,-120.75116
13275,47.346821,-122.501511
12829,38.921986,-94.335228
12911,29.806387,-96.855637
12772,42.2739,-89.0474
13044,47.131901,-94.686142
13197,36.073013,-115.286026
12653,10.3918,-85.8152
13143,32.033524,-81.050224
13293,40.0205,-74.1273
13254,26.433558,-82.115623
12889,41.873795,-88.108223
13252,42.279255,-72.865105
12927,29.7714,-95.5616
13248,44.220066,-69.854637
13215,28.3886,-81.6774
12820,49.044,-115.0512
13093,47.710411,-122.560341
13237,41.3046,-122.3074
12769,35.513,-97.5264
13263,33.418892,-86.726196
13048,30.199202,-103.242775
13282,44.732,-93.4055
13186,43.270695,-80.001823
13250,37.955513,-78.83091
12713,41.592583,-71.540321
13170,40.0852,-75.4654
11895,46.85313,-96.79361
13169,38.546833,-121.503128
13182,35.550613,-80.943649
12876,42.08894,-85.8256
13273,32.2946,-80.8032
13177,44.930786,-93.131607
13132,34.11573,-81.292435
13140,43.596745,-116.277527
12773,45.162811,-63.313557
13009,41.562252,-87.654167
13087,36.509892,-116.85968
13146,39.257599,-119.961548
13183,40.561035,-106.893257
12952,32.817322,-117.183372
13102,30.1592,-98.0758
12681,42.280022,-71.8302
13064,33.007381,-97.112572
13164,40.976192,-73.690033
13192,42.303207,-82.443558
11913,46.2462,-119.0836
12601,40.7618,-79.5338
12510,44.254543,-68.374329
10244,41.8548,-88.3026
12596,43.8932,-79.2436
13179,42.9665,-85.6129
12890,32.6112,-80.0556
12565,38.299408,-122.665627
12812,42.0592,-93.630203
12990,30.072,-97.8372
13120,35.732243,-97.507973
12892,45.0952,-93.102
13072,42.633499,-82.9254
13069,42.696796,-71.047684
13068,45.2471,-72.8444
12575,9.590587,-83.793098
12724,39.463478,-77.605392
12723,38.423935,-76.493011
12618,34.069599,-118.490501
13119,44.38028,-69.006691
13105,29.985,-93.9781
13078,30.483521,-96.279831
12639,43.163,-91.2148
13073,26.601244,-98.221695
12932,44.57325,-72.416908
13065,29.7778,-95.5588
12808,41.586571,-90.551666
12893,35.1864,-118.5994
13031,45.53323,-122.767647
12975,41.1542,-73.547
12882,39.2576,-77.9312
12838,38.9552,-77.1012
12715,32.728401,-97.3535
13062,38.108681,-85.429916
13000,34.1847,-79.7704
12592,40.852005,-77.670563
13055,40.9934,-72.1332
12877,34.9535,-85.1987
13050,40.118332,-83.043076
12915,42.955,-81.2236
13052,37.9861,-122.5314
13045,40.9452,-73.1281
12498,29.4345,-98.7909
12951,38.436375,-85.345291
13003,45.036564,-93.332176
12940,33.316498,-112.028625
12727,38.972435,-76.483681
12928,29.7784,-95.5774
12866,33.941074,-83.396294
12654,40.6183,-104.334
12906,32.353802,-93.719017
12817,41.7909,-87.9595
12671,53.3462,-117.6532
12778,32.859978,-85.843224
12827,42.526333,-83.267433
12912,39.3804,-119.8058
12663,40.7011,-75.6309
12617,30.187744,-95.529938
12919,45.132591,-93.780197
12834,44.912918,-123.063644
12794,35.741108,-106.023071
12670,40.026,-105.0838
12858,42.369675,-73.303673
12891,32.356575,-84.977951
12839,38.662178,-76.1045
12759,39.6369,-106.4103
12730,37.773754,-121.953987
12816,27.945499,-82.459801
12688,45.5904,-110.1602
12799,46.168598,-82.106697
12770,42.038952,-76.87175
12614,42.4724,-82.8834
12830,34.4129,-89.5911
12754,28.237116,-81.442879
12587,42.3502,-71.0914
12640,43.1604,-83.7498
12737,42.989349,-77.451965
1344,40.2698,-76.1123
12553,30.656,-96.6443
12526,43.3671,-96.8914
12719,35.3026,-85.1166
12707,9.00888,-79.474564
12645,30.347967,-93.295486
12643,41.63298,-93.747765
12622,35.890697,-78.611496
12591,30.59363,-96.315758
12624,39.285183,-77.20153
12613,41.4238,-74.594
12567,33.140617,-96.796547
12589,29.7806,-95.4104
12512,35.7237,-78.8477
12508,41.9793,-88.702
8066,10.9838,-84.7313
12505,28.0118,-97.047
152,-33.8447,138.6107
1761,-36.7726,144.2985
2885,-34.848,138.7154
2116,-37.815899,144.966904
200,-33.6284,151.1441
556,-27.238,153.0291
818,-34.435,150.477
2457,-33.821396,151.199432
2548,-36.8632,174.8404
1982,-27.6117,151.9544
3929,-35.343418,149.142014
880,-23.3679,150.5554
3587,-27.562843,152.008545
1565,-32.2429,115.9563
3713,-32.1026,151.9396
2573,-31.980988,116.055389
868,-23.3783,150.4888
2860,-33.7312,150.4284
2481,-37.729881,144.94191
3269,-32.079514,115.77375
418,-34.172,150.923
2744,-33.8344,151.1826
1359,-27.6151,153.1308
2938,-27.55,153.0379
559,-37.5634,144.7097
1245,-16.7738,145.6645
2551,-27.6078,153.1414
1213,-37.656,145.0337
1324,-35.4176,149.1401
1382,-37.8385,145.1201
866,-33.749,150.617
1363,-36.8682,174.8454
680,-33.7036,151.0053
2605,-27.229815,153.110794
1327,-34.832,138.7028
2482,-33.749844,151.170959
812,-32.1191,115.9231
481,-34.849,138.603
1696,-37.8236,145.1208
1909,-32.0885,115.8375
2426,-27.216082,152.849396
3542,-42.94722,147.342926
2547,-41.329,174.7968
3360,-17.6608,145.9196
1905,-31.8885,116.0029
195,-35.2451,149.4459
1857,-36.6766,142.243
1839,-37.7629,144.9538
373,-31.9812,116.0552
317,-27.2875,152.9776
848,-37.9526,145.5513
962,-26.331,152.971
2268,-31.472124,152.930511
2642,-35.5326,138.6256
859,-12.49,130.99
827,-35.541,138.614
725,-34.5837,150.5919
1240,-37.6513,145.089
2382,-33.860912,151.141754
454,-33.7973,151.2726
2430,-35.10017,138.891388
2477,-27.370886,153.082535
639,-27.6051,153.1434
257,-35.2352,149.1262
2892,39.676,-105.189
1248,-35.4124,149.128
442,-26.7056,153.0579
249,-37.7837,175.2824
2995,-33.826847,151.08728
3798,-33.8996,151.1684
2523,-33.8334,151.0934
1800,-27.513,153.014
3241,-31.2618,149.245
1008,-31.9238,115.8416
3397,-41.4399,147.1407
3412,-35.2556,149.0686
1801,-26.7133,153.0372
2895,-42.8772,147.331
2168,-33.7155,150.4965
3529,-12.3386,130.9075
3699,-33.699699,151.268204
3164,-37.130299,144.054092
3419,-35.269,149.0672
3588,-33.8656,151.1942
1834,-38.2319,146.9389
2657,-27.3177,152.796
3503,-12.3703,130.908005
2488,51.1754,4.358
806,-32.3483,115.8244
3191,-33.826733,151.087204
1706,-31.9455,115.8584
3410,-33.1227,150.320801
2093,-37.630699,145.080795
3569,-26.7935,152.9592
2527,-37.067692,142.553223
2480,-37.067913,142.553253
3585,-27.013,151.5541
2751,-27.4999,153.0176
3849,-27.0063,151.5504
1880,-31.4677,152.9121
1877,-27.6007,153.131
1829,50.7226,-3.536
2571,36.5221,-121.9474
4431,-38.3854,145.1684
4632,-33.768906,149.884476
4609,-27.513,153.014
4325,-33.8225,149.9014
4571,-34.591499,149.160202
2810,-33.726818,151.290405
4432,-36.8147,174.7043
4185,-42.9949,147.314
2583,-41.6824,146.8408
4376,-33.6919,150.5283
4499,-30.0959,151.0733
4601,-34.0006,151.0699
4439,-34.586201,149.179703
4587,-41.319485,174.828659
1031,56.2487,-4.9385
2626,-37.6968,145.083099
4551,-32.9485,151.7149
4086,-36.8484,145.7465
4125,-34.1752,150.9938
2924,-33.8745,150.6184
4771,-27.1344,152.9851
5087,-34.911,138.705
5304,-35.531887,138.542038
5175,-27.4813,153.2011
5328,-27.8963,153.2805
5173,-27.701015,153.090652
5232,-33.8688,151.209
5268,-37.7164,145.0889
583,-26.3667,152.8632
4969,-33.7843,151.2421
4711,-27.4128,153.0618
5301,-37.6969,145.1171
491,-37.9169,145.5013
1607,-35.2782,149.1642
4951,-28.692,153.2897
850,-35.2648,149.062
5254,-37.7044,145.1074
2476,-34.918201,138.611298
3580,-27.533003,153.055038
4731,-34.0006,151.0698
5043,-37.8831,144.759
5567,-34.4498,150.8355
5568,-37.744553,147.873276
5563,-36.973923,144.121094
5615,-36.8658,144.3746
5626,-36.792652,144.287094
5523,-33.657,150.9502
1345,-27.3711,153.0221
5611,-34.737999,138.533783
5715,-26.6555,152.9639
5930,-31.872089,115.763802
5817,-37.811722,145.200012
2861,-33.84446,138.610641
1025,-27.303,152.889
5582,-28.179985,153.528137
5920,-35.3517,149.0947
6043,-36.721458,174.692398
6061,-35.072861,117.881866
5682,-37.0592,144.2128
5912,-36.587757,144.229736
5550,-38.5739,148.1975
5072,-36.7156,174.6908
755,-35.1953,147.2456
5657,-37.127899,144.998398
5745,-33.723278,151.293228
5627,-33.600101,151.323502
5698,-34.202034,142.119476
5678,-37.216,142.799
5481,-28.492531,153.548111
5467,-41.292007,174.721024
5540,-34.048908,151.09227
843,-35.4124,149.128
7154,-27.6328,153.1768
6895,-33.692844,151.096161
5798,-33.630272,150.27977
6930,-27.365797,152.967346
7157,-31.8465,116.8635
6368,-40.943531,174.976151
6884,-35.234406,149.07457
6081,-38.3407,144.3021
6622,-35.2845,149.1298
7117,-37.773388,145.032639
7114,-33.767323,150.943466
7141,47.6832,-122.3428
6700,-26.493271,152.748734
6726,-38.147175,145.168793
7056,-45.772694,170.573929
7004,-35.007812,138.681213
6730,-35.451382,142.234604
6601,-26.3975,152.9864
6822,-33.821114,138.620255
6761,-41.228,146.4266
576,-30.4616,152.8994
6602,-33.88863,151.167465
6880,-33.7498,151.1709
6855,-33.6616,151.1197
6802,-34.524372,138.947586
6727,-28.039831,153.339523
6253,-37.070396,144.219666
6650,-31.921059,116.073914
2855,-41.1822,146.3253
1639,-34.0048,115.2083
619,-27.5474,152.8207
7486,-33.667931,150.248856
7635,-35.41724,149.14006
7558,-34.578129,139.168335
7188,-38.0553,145.3948
7750,-26.3904,153.0396
7182,-37.8159,144.9669
7424,-33.7059,149.8414
7847,-33.699787,150.903412
7673,-34.043106,150.802811
7801,-34.185,150.5718
7713,-27.3878,152.991
7652,-28.516249,153.549316
7725,-17.670126,145.919601
7772,-34.4176,150.3608
7717,-19.3029,146.638
7720,-28.125793,153.294235
7521,-27.216146,152.849335
7815,-38.5894,145.5311
7406,-37.6412,143.7726
7354,-27.3435,152.927
7803,-26.7174,152.922
7624,-36.3578,146.6882
7802,-27.614355,151.96109
7433,-45.0489,169.2052
7232,-28.089,153.4353
7675,-37.8674,145.2656
8155,-43.3916,147.2493
7693,-37.996,176.5582
7825,-41.4499,147.1619
7751,-23.541662,145.198242
7242,-35.643406,174.489563
7379,-33.4195,150.9189
7427,-26.7556,152.9511
7430,-26.731932,152.996292
7634,-37.867531,147.871353
7749,-35.0732,117.882
7716,-27.3467,152.9394
7541,-34.0712,150.7676
7538,-27.343519,152.927002
7607,-33.5982,149.7012
7488,-33.9414,115.0629
7374,-31.8724,115.9565
7487,-33.9413,115.063
6705,-27.8088,153.1215
7240,-27.325066,153.017319
7241,-27.3249,153.0173
8559,-27.070854,153.099899
8568,-16.790009,145.684891
7889,-34.043156,150.803131
7931,-33.6255,149.8512
8541,-32.917,151.7011
8411,-36.8489,145.7518
8300,-33.938583,150.981827
8347,-38.270432,144.486176
8489,-37.72567,145.162628
8538,-38.654655,143.503937
8282,-33.4315,151.3839
8243,-39.065,174.089
8386,-42.900497,147.299637
8077,-36.22221,149.144302
8082,-33.889755,151.231461
8222,-32.7683,151.5898
8309,-33.7094,150.3759
8389,-27.4706,152.9882
8391,-34.0719,151.113
7951,-33.9258,150.9448
8162,-33.9537,150.9984
8368,-13.447042,131.167343
8247,-33.967621,150.992188
8456,-33.6928,151.0958
8561,-34.430737,150.816971
8535,-41.1898,146.2707
7953,-34.0845,151.1415
8564,-37.823395,145.20343
8562,-37.823372,145.203476
8507,-37.823349,145.2034
8375,-35.00576,138.762085
8369,-17.2675,145.5786
8376,-26.635159,152.948975
8413,-31.6587,150.7252
8349,-26.47369,152.565308
8486,-35.234,149.0742
8393,-37.808804,144.88356
8491,-37.8089,144.8837
8374,-40.962543,175.6595
8435,-41.1792,146.3243
8042,-36.9629,141.8432
8014,-35.2374,148.9572
8390,-15.4703,145.2536
8211,-27.4679,153.0325
8237,-37.9008,174.7841
8351,-37.070667,144.239655
7905,-33.671,151.0491
8231,-34.894989,138.566055
8209,-35.24567,149.164658
8257,-37.804,174.8744
8041,-37.7981,143.6819
8103,-43.565979,172.488632
8130,-34.068916,150.769058
8129,-34.060188,150.773834
7932,-37.7372,175.864
7990,-36.431782,150.07132
7983,-33.876801,151.2155
9048,-37.181526,146.069351
9046,-16.249922,145.318893
3189,-36.897827,174.819229
9158,-27.5376,152.8078
8855,-31.8267,115.8118
8756,-31.881739,115.945541
8723,-35.424492,149.067505
8889,-35.589245,138.580673
8944,-27.3059,152.8837
9094,-27.56,152.8704
9271,-37.551216,143.900238
9035,-27.356346,152.90271
8926,-36.950626,145.736038
9242,-36.8163,174.7915
8760,-33.7427,151.0273
8727,-33.722,150.4357
8638,-27.7312,152.321
9243,-42.915,147.3034
8774,-27.4137,153.0078
7900,33.391376,-111.913712
8666,-36.368183,174.828201
9012,-33.744957,151.268753
9034,-34.677551,138.724899
9248,-38.5916,145.797
9269,-33.7938,149.9126
9050,-35.1429,149.16
9143,-38.075577,145.129227
9093,-33.189941,151.276825
9141,-27.630617,152.761642
9065,-39.0437,174.1
9013,-42.983559,147.405319
8901,-27.4923,152.9233
8682,30.2404,-97.813
8904,-41.089668,175.518158
9017,-37.855,144.9094
9114,-32.780708,149.337189
8905,-19.397627,146.718353
9161,-34.084438,151.141663
9063,-31.605829,152.289307
9157,-27.4922,152.9233
9160,-36.2299,149.1241
9142,-37.5119,141.8284
9030,-31.26296,152.95961
8755,-45.034698,168.677307
8615,-41.0414,175.5083
8882,-41.2213,148.2817
8871,-32.5626,115.7018
8604,-35.66481,174.377014
1914,-26.7131,153.0371
8758,-32.861389,151.800888
8767,-36.633,174.7611
10398,37.5246,-121.9397
9892,-27.431393,153.000977
9906,-33.154015,115.687927
9812,-33.972599,150.621902
9899,-35.88586,140.054184
10138,-33.630711,151.324814
9831,-35.532074,138.541931
9319,-35.055149,138.614578
10312,-27.899982,153.020721
10320,-34.950188,138.603287
10341,-38.452469,144.103989
10061,-28.1798,153.4396
9905,-28.129623,153.471466
9340,-38.204346,144.513016
10246,-27.349541,152.877579
10528,-37.5711,143.8827
10119,-31.8106,117.2892
9884,-27.326778,152.755981
9513,-35.3885,149.6449
10408,-35.306,149.7107
9835,-33.775661,150.623337
9833,-34.6937,150.1597
9339,-37.6498,144.0842
9900,-27.52153,153.06012
9581,-37.8529,145.2695
9924,-41.340485,148.270294
9691,-37.730309,147.690765
9336,-33.712029,149.906784
9724,-26.9372,152.5526
9344,-28.831057,153.596313
9825,-36.860054,149.92067
9435,-37.861,145.1299
9904,-26.771776,153.130219
10109,-36.317791,146.830627
9908,-27.3216,152.7712
10461,-27.51033,153.070129
9786,-34.354,150.2844
10101,-34.8486,138.483
10149,-34.8148,138.7085
10147,-33.729191,151.106903
9876,-33.865788,150.907547
9792,-36.146,146.5874
9871,-41.43586,147.105774
9936,-37.6438,147.7279
10416,-37.256058,144.553513
9411,-27.58399,153.150772
9880,-33.4456,150.8524
9322,-37.9063,144.7486
10135,-33.412689,149.52272
8772,-35.441147,149.528671
9352,-34.0496,151.0342
9519,-33.656647,151.274704
10342,-33.510818,150.747208
9881,-35.858112,150.171234
10146,-32.973545,151.602066
10519,-38.1224,147.068
9567,-26.474215,152.565216
10471,-37.2924,144.9519
9870,-35.0576,138.879
9915,-34.372631,150.347473
9548,-36.9018,174.8011
10139,-37.709,145.1556
10496,-33.6248,150.295
9875,-31.182571,151.064651
9728,-31.277199,148.997238
10346,-25.3092,152.8603
9895,-25.715199,152.579742
10514,-41.3117,174.7873
9882,-27.084,152.8076
9939,-37.068062,144.225037
10464,-35.869202,150.061295
10497,-16.8308,145.6125
9684,-37.482342,142.134567
9791,-31.7022,148.6372
10247,-37.6346,145.0494
9522,-34.5357,146.4204
9896,-35.858,150.1713
9910,-37.5356,145.467
10444,-34.8504,150.6012
10240,-27.433,153.001
9698,23.8698,90.3956
10095,-31.275,149.2849
9902,-31.979168,152.346603
9721,-33.4912,151.3079
10145,-27.5638,152.7756
9912,-31.908178,152.604874
9734,-36.996,174.4989
9878,-38.189407,145.945511
9911,-31.976294,116.07058
9897,-35.220798,149.465393
10382,-33.5107,150.7475
9619,-36.3447,143.7937
9893,-36.9158,174.7706
10332,-31.8197,117.2813
9903,-29.040516,153.282669
9836,-36.723953,142.211716
9874,-35.706696,150.116516
9928,-35.5436,138.4348
10255,-37.8357,145.1887
9700,-31.5168,116.0666
9929,-27.253607,152.786896
9518,-33.7606,140.1532
9680,-33.7312,150.4566
10153,-33.6308,151.3251
9672,-37.7844,145.223
9914,-26.391352,153.090042
9693,-34.8422,138.639
9872,-37.01762,144.451492
9891,-34.908524,138.624649
9373,-39.581486,176.918869
9456,-16.9661,145.7437
9515,-34.5753,142.7774
9692,-37.6796,144.4336
9625,-28.608879,153.438141
9682,-38.057362,176.216064
9304,-16.3485,145.4116
9462,-37.94492,145.442535
9472,-37.9449,145.4425
9531,-34.8277,150.5006
9484,-25.926443,113.53849
2862,-33.844681,138.610687
9227,-35.338482,149.074188
9469,-38.042835,145.404129
9343,-38.189,145.12
10760,-33.786957,150.96315
10836,-38.566826,145.542435
11037,-43.4998,172.2149
10904,-31.973577,115.893417
10590,-27.4906,153.0239
10667,-37.8355,145.2764
10409,-37.3774,143.9064
11149,-33.365,151.4332
11301,-33.88435,151.123215
10967,-34.856312,138.698669
10816,-27.531246,153.066177
10935,-28.681755,153.414658
10637,-42.7505,146.8593
11359,-34.592262,150.590195
10631,-38.001274,144.607651
9389,-36.1443,146.599
11225,-37.822647,145.016647
11045,-35.3675,149.0808
11240,-36.003536,150.136841
11300,-37.832726,145.258392
11014,-33.736618,151.242828
11055,-27.986532,153.302307
11130,-37.823105,145.016678
10676,-27.5214,153.060104
11236,-33.8103,151.222
10903,-36.149,144.7766
11051,-39.9342,174.96
10870,-31.979094,152.346619
10809,-19.250771,146.802597
11345,-29.0026,134.7536
10602,-27.976673,153.255783
11316,-26.8369,153.0941
11328,-16.572769,145.367188
11011,-27.5441,152.204
9916,-26.650394,152.996078
11112,-33.6833,151.3098
11182,-16.991055,145.413559
11150,-34.9716,138.53
11192,-20.377289,148.656174
10914,-38.390842,142.536758
11325,-26.837,153.094
10859,-35.229458,149.009338
10969,-38.1879,145.1175
11302,-34.0986,150.7915
10720,-38.50103,146.223114
10803,-32.718,152.1099
10787,-33.9116,151.2691
10847,-37.7987,144.9459
11239,-38.2705,144.5109
11242,-38.386955,142.509033
11110,-36.983513,174.507294
2914,-36.73251,174.733871
11044,-38.1562,176.217
11178,-31.6764,116.6494
11175,-38.5984,143.9191
10794,-38.296696,141.552673
10894,-35.900642,141.997604
9087,-27.681,153.0936
10990,-31.8474,116.2682
10579,-33.408001,150.8013
11056,-29.2459,115.4
11050,-28.6917,153.5973
10989,-35.3136,149.162
10588,-27.3289,152.761
10939,-34.3414,150.922
10708,-28.5444,153.2342
10902,-27.1829,151.2632
10759,-28.6353,150.331
10624,-28.8021,153.2934
11386,-28.61,153.2044
10804,-36.8867,149.8925
11454,-35.246323,138.728134
11874,-33.6932,150.7762
11465,-34.985611,138.642776
11892,-32.7271,152.084305
11846,-37.914,145.5474
11896,-36.8092,144.341354
11393,-34.8114,150.599
11755,-34.660725,150.31572
11877,-19.653099,134.184875
11727,-35.397564,149.114899
11712,-31.686069,152.352798
11482,-27.638592,152.751343
11680,-31.9808,115.7995
11878,-28.1676,153.4286
11460,-27.5285,153.0501
11341,-33.529,150.6226
11450,-36.0564,146.9766
11534,-31.6057,152.2894
11448,-27.4928,153.4102
11515,-38.479115,145.621811
11575,-25.931259,152.614883
11834,-42.7968,147.5346
11836,-31.636,116.0744
11445,-26.732826,152.916794
11577,-38.326618,145.121902
11785,-25.941046,152.65097
11820,-37.126125,142.786133
11854,-38.217125,145.037933
11483,-33.9116,138.6201
11870,-33.8588,151.0171
11658,-38.195965,145.074829
11468,-33.8136,149.6966
11686,50.2118,8.6499
11812,-34.7583,150.5801
11673,-37.8794,145.2138
11700,-43.0173,147.8968
11455,-35.106,138.5989
1590,22.758007,113.853752
11674,-35.0413,139.3737
11681,-34.7582,150.5801
11571,-24.864967,152.48288
11504,-35.073963,138.847977
11453,-35.00325,138.941071
11632,-43.0832,147.3377
11539,-34.8566,138.6918
11503,-32.4069,152.4544
11516,-26.8373,153.0939
714,-35.1951,147.2455
11365,-16.8878,145.6962
11990,-33.7164,150.45
12291,-27.3342,153.054
12165,-33.7691,149.8844
12278,-35.2452,149.1588
12166,-33.8183,151.2175
12348,-38.055,146.6259
428,-37.7883,145.0873
12483,-37.9258,145.069
12325,-26.366379,152.939133
12179,-35.259438,149.113403
11639,-37.9127,144.6389
12045,-35.5286,150.3926
861,51.1152,6.7367
12305,-37.2146,142.800095
12216,-33.6724,151.3005
12164,-30.5405,147.8606
12228,-41.2716,172.9677
12383,-37.165146,142.530823
12107,-31.871634,116.039322
12095,-27.7346,152.3302
12250,-33.834595,117.167587
12028,-33.374,117.479
11972,-36.5784,149.8122
12920,-37.781113,145.282379
12481,-37.5572,144.7347
12788,-25.9768,152.9882
12847,-27.175,152.9864
12734,-28.3068,153.4972
13095,-36.8146,144.2202
12561,-37.6952,145.1238
12554,-41.221947,174.251572
13098,-36.797,175.0847
12651,-27.370495,153.03183
12896,-35.4924,138.492
12846,-35.949562,148.17807
12999,-26.829138,152.715317
12497,-35.5898,138.595
13028,-33.064255,137.537689
12821,-34.375496,150.334457
12790,-33.814732,151.139343
12924,-33.696613,151.263412
12787,-35.257824,149.086273
12594,-41.049591,145.881317
9731,-27.4934,152.9948
13376,-12.5076,130.9698
12689,-35.216866,149.113815
13126,-28.1712,153.271
13061,-34.439632,116.069344
13097,-41.1057,174.9172
12680,-37.710297,145.005539
12995,-32.234364,148.653839
12655,-35.28186,149.032516
13303,-34.0843,151.0012
12923,-37.8366,145.304
13033,-38.177219,144.469971
12921,-26.681946,153.116135
12695,-27.9677,153.3798
12871,-27.169954,152.988892
13032,-37.237423,144.453629
12997,-41.282272,173.291977
12996,-27.4924,152.9233
12516,-38.1757,145.9181
12731,-37.844082,142.371231
12868,-20.260511,148.738846
12757,-37.769627,142.078094
12848,-37.7963,148.7455
12534,-33.690029,117.555534
10152,-33.6185,151.2643
2763,41.8854,-73.2924
1626,-22.4587,-43.2186
824,-15.8482,-47.8374
754,4.9254,-74.0271
732,-23.5335,-46.6359
2236,-23.568026,-46.722553
1887,-33.3499,-70.6671
3424,-14.81913,-45.976967
2822,-23.567009,-46.717461
1872,-22.9889,-43.9178
3272,-22.984533,-43.209183
3900,-0.8952,-77.7962
2309,-23.5582,-46.67
3052,-31.371277,-64.221222
1748,-10.3508,-38.9424
1525,-23.6283,-46.6409
2968,-20.5147,-41.0059
2704,4.7825,-75.6222
4231,-23.555996,-46.681477
5272,-22.852419,-45.92004
5321,-23.6272,-46.7423
5278,-22.8525,-45.9201
2853,-34.874535,-56.03429
6152,-23.5505,-46.6333
6980,-23.156187,-44.920902
7151,-23.8458,-46.965
735,-23.2804,-46.9017
7259,4.9801,-73.9574
7833,-23.1544,-44.9214
7860,-23.2312,-46.9359
7836,-23.5848,-45.8244
7559,-45.5406,-71.972
8494,-23.252,-46.9106
8128,-23.565369,-46.869953
8028,-22.9049,-43.1027
8003,41.3266,-72.9213
8001,41.326569,-72.921608
8000,41.326515,-72.921204
8004,41.3267,-72.9213
8761,-15.7783,-47.9319
8862,3.3928,-76.531
8858,3.96546,-76.502151
8861,1.24801,-78.089561
8859,6.1763,-74.9082
8649,-23.512926,-45.172024
8857,6.2649,-74.9054
9167,-23.535728,-46.708366
8856,90,-119
8860,1.276,-78.0949
9059,-19.1421,-56.7946
6151,-23.2517,-46.9041
8650,4.9802,-73.957397
9637,-22.4746,-44.452
10531,-22.3256,-43.1705
8043,-22.4211,-42.9559
9503,-8.6936,-35.8567
8847,-22.9813,-43.2355
9049,-7.5736,-60.6824
9507,-23.2517,-46.9044
9020,-0.391897,-77.816231
10651,-23.627199,-46.742298
10878,4.980144,-73.957359
11041,11.2076,-74.2285
11286,-22.977726,-43.227566
10891,-23.155113,-44.921875
11124,-22.1964,-44.9715
11070,-22.9996,-43.2056
10994,-22.9948,-43.2182
11135,-21.9964,-47.8894
11900,-23.540663,-50.093033
11509,-23.2517,-46.9044
12321,3.615718,-76.593506
11981,-22.2615,-44.5075
12382,-23.54085,-50.093048
12027,47.860401,-117.751297
12430,52.0312,4.6766
12097,-22.530617,-42.966667
12088,-22.4048,-43.8086
12121,-23.2803,-46.9228
12109,-22.286655,-43.922016
11955,4.783135,-75.621857
13114,-23.618341,-46.569767
12322,3.446067,-76.619682
